file_name,text
folio_001.png,"𑘎𑘲𑘝𑘲 𑘝𑘨𑘲 𑘟𑘲𑘪𑘭𑘰𑘽𑘡𑘲 𑘀𑘫𑘲 𑘢𑘿𑘨𑘹𑘦𑘯 𑘀𑘦𑘿𑘨𑘲𑘝𑘦𑘧 𑘪𑘰𑘜𑘲 𑘎𑘨𑘳𑘜𑘹𑘓𑘿𑘧𑘰 𑘎𑘰𑘡𑘲 𑘁𑘕 𑘢𑘚𑘝 𑘮𑘻𑘝𑘲
𑘠𑘰𑘡𑘿𑘧𑘢𑘰𑘜𑘿𑘧𑘰𑘓𑘰 𑘟𑘳𑘬𑘿𑘎𑘰𑘯 𑘮𑘿𑘧𑘰 𑘪𑘨𑘿𑘬𑘲 𑘮𑘻𑘝𑘰 𑘢𑘨𑘽𑘝𑘳 𑘫𑘲𑘨𑘲𑘬 𑘐𑘹𑘩𑘿𑘧𑘰𑘢𑘰𑘭𑘳𑘡 𑘎𑘨𑘳𑘜𑘹𑘓𑘿𑘧𑘰 𑘕𑘲𑘪𑘡𑘰𑘝
𑘢𑘿𑘨𑘹𑘦𑘰𑘓𑘰 𑘭𑘮𑘰𑘡𑘳𑘥𑘳𑘝𑘲𑘓𑘰 𑘭𑘟𑘺𑘪 𑘟𑘳𑘬𑘿𑘎𑘰𑘯𑘓 𑘮𑘻𑘝𑘰 𑘝𑘲𑘩𑘰 𑘊𑘎 𑘞𑘹𑘽𑘤𑘮𑘲 𑘦𑘲𑘯𑘝 𑘡𑘪𑘿𑘮𑘝𑘰 𑘝𑘲 𑘎𑘲𑘝𑘲
𑘝𑘨𑘲 𑘟𑘲𑘪𑘭 𑘢𑘿𑘨𑘹𑘦 𑘪 𑘭𑘮𑘰𑘡𑘳𑘥𑘳𑘝𑘲 𑘮𑘿𑘧𑘰𑘽𑘓𑘲 𑘥𑘳𑘎𑘹𑘩𑘲 𑘮𑘻𑘝𑘲 𑘁𑘕 𑘝𑘻 𑘟𑘳𑘬𑘿𑘎𑘰𑘯 𑘭𑘽𑘢𑘩𑘰 𑘤𑘰𑘮𑘹𑘨𑘓𑘰
𑘟𑘳𑘬𑘿𑘎𑘰𑘯 𑘀𑘟𑘿𑘧𑘰𑘢 𑘮𑘻𑘝𑘰 𑘢𑘰𑘄𑘭 𑘀𑘕𑘳𑘡 𑘢𑘚𑘰𑘧𑘓𑘰 𑘮𑘻𑘝𑘰 𑘦𑘹𑘑 𑘧𑘰𑘧𑘓𑘹 𑘮𑘻𑘝𑘹 𑘢𑘨𑘽𑘝𑘳 𑘎𑘨𑘳𑘜𑘹𑘓𑘿𑘧𑘰
𑘕𑘲𑘪𑘡𑘰𑘝 𑘁𑘕 𑘢𑘿𑘨𑘹𑘦𑘰𑘓𑘹 𑘟𑘻𑘡 𑘦𑘹𑘑 𑘁𑘩𑘹 𑘭𑘰𑘭𑘳𑘤𑘰𑘃𑘽𑘡𑘲 𑘝𑘲𑘩𑘰 𑘢𑘿𑘨𑘹𑘦 𑘢𑘰𑘕𑘩𑘹 𑘝𑘲𑘡𑘹 𑘝𑘿𑘧𑘰𑘽𑘡𑘰 𑘢𑘹𑘕
𑘟𑘲𑘩𑘲 𑘢𑘨𑘽𑘝𑘳 𑘝𑘿𑘧𑘰𑘽𑘡𑘲 𑘝𑘲𑘩𑘰 𑘦𑘰𑘧𑘰 𑘦𑘦𑘝𑘰 𑘟𑘲𑘩𑘲 𑘃𑘝𑘎𑘿𑘧𑘰 𑘪𑘨𑘿𑘬𑘰𑘓𑘹 𑘫𑘿𑘨𑘦 𑘭𑘣𑘩 𑘖𑘰𑘩𑘹"
folio_002.png,"𑘡𑘲𑘫𑘿𑘓𑘧 𑘎𑘨𑘻𑘡𑘲 𑘦𑘰𑘡𑘭𑘲 𑙁 𑘡𑘲𑘑𑘰𑘩𑘰 𑘟𑘿𑘪𑘲𑘕𑘪𑘨 𑘄𑘟𑘲𑘦𑘰𑘭𑘲 𑙁 𑘓𑘨𑘜 𑘠𑘿𑘧𑘰𑘝𑘭𑘹 𑘦𑘰𑘡𑘭𑘲 𑙁 𑘭𑘟𑘰
𑘫𑘿𑘨𑘲𑘢𑘰𑘟𑘪𑘩𑘿𑘩𑘥𑘰𑘓𑘹 𑙂𑙑𑙗𑙂
𑘕𑘹 𑘕𑘹 𑘙𑘰𑘧𑘲 𑘕𑘰𑘧 𑘟𑘹𑘏𑘰 𑙁 𑘀𑘡𑘽𑘝 𑘭𑘽𑘝𑘻𑘬 𑘢𑘰𑘪𑘹 𑘡𑘲𑘎𑘰 𑙁 𑘫𑘝𑘐𑘳𑘜𑘹 𑘩𑘰𑘥 𑘖𑘰𑘩𑘰 𑘋𑘎𑘰 𑙁 𑘢𑘨𑘦𑘰𑘡𑘽𑘟𑘰
𑘢𑘿𑘨𑘪𑘨𑘿𑘝𑘩𑘰 𑙂𑙑𑙘𑙂
𑘩𑘧 𑘩𑘰𑘪𑘳𑘡𑘲 𑘫𑘿𑘨𑘲𑘢𑘰𑘟𑘓𑘨𑘜𑘲 𑙁 𑘧𑘰𑘝𑘿𑘨𑘹𑘭𑘲 𑘡𑘲𑘑𑘰𑘩𑘰 𑘝𑘹 𑘎𑘿𑘬𑘜𑘲 𑙁 𑘪𑘹𑘓𑘰𑘪𑘧𑘰 𑘤𑘿𑘨𑘰𑘮𑘿𑘦𑘜𑘭𑘽𑘝𑘨𑘿𑘢𑘜𑘲 𑙁
𑘟𑘿𑘨𑘪𑘿𑘧 𑘑𑘹𑘝𑘩𑘹 𑘭𑘦𑘰𑘐𑘦𑘹 𑙂𑙑𑙙𑙂
𑘟𑘿𑘨𑘪𑘿𑘧 𑘑𑘹𑘄𑘡𑘲 𑘟𑘿𑘪𑘲𑘕𑘪𑘨 𑙁 𑘡𑘲𑘑𑘝𑘰 𑘟𑘹𑘏𑘝𑘲 𑘝𑘭𑘿𑘎𑘨 𑙁 𑘎𑘰𑘢𑘘𑘿𑘧𑘪𑘹𑘬𑘹 𑘭𑘝𑘿𑘪𑘨 𑙁 𑘝𑘹𑘮𑘲 𑘭𑘰𑘽𑘐𑘝𑘹 𑘡𑘲𑘑𑘰𑘩𑘹"
folio_003.png,"𑘁𑘟𑘩𑘿𑘧𑘰 𑘟𑘲𑘪𑘫𑘲𑘓𑘰 𑘝𑘻 𑘢𑘿𑘨𑘎𑘰𑘨 𑘢𑘨𑘽𑘝𑘳 𑘁𑘝𑘰 𑘝𑘨 𑘧𑘫𑘪𑘽𑘝𑘰 𑘦𑘨𑘜𑘰𑘓𑘿𑘧𑘰 𑘟𑘰𑘨𑘲 𑘢𑘚𑘩𑘰 𑘮𑘻𑘝𑘰
𑘭𑘝𑘿𑘧𑘰𑘓𑘲 𑘢𑘨𑘲𑘎𑘿𑘬𑘰 𑘦𑘨𑘜𑘰𑘓𑘿𑘧𑘰 𑘟𑘨𑘤𑘰𑘨𑘰𑘝 𑘮𑘻𑘝 𑘀𑘭𑘝𑘹 𑘧𑘫𑘪𑘽𑘝𑘰 𑘡𑘲𑘎𑘰𑘩 𑘦𑘰𑘐𑘜𑘿𑘧𑘰𑘭𑘰𑘙𑘲 𑘎𑘰
𑘟𑘹𑘪𑘰𑘎𑘚𑘹 𑘡𑘲𑘑𑘰𑘩𑘰 𑘃𑘝𑘎𑘹 𑘎𑘰 𑘝𑘿𑘧𑘰𑘓𑘿𑘧𑘰 𑘦𑘡𑘰𑘭 𑘝𑘹 𑘩𑘰𑘐𑘩𑘹
𑘧𑘫𑘪𑘽𑘝 𑘪𑘰𑘓𑘜𑘰𑘨 𑘡𑘰𑘮𑘲 𑘀𑘭𑘹 𑘪𑘰𑘘𑘩𑘹 𑘡𑘄𑘓𑘿𑘧𑘰 𑘭𑘳𑘦𑘰𑘨𑘰𑘭 𑘝𑘨 𑘕𑘰𑘭𑘿𑘝𑘓 𑘖𑘰𑘩𑘹 𑘟𑘳𑘏𑘜𑘹 𑘁𑘃 𑘦𑘩𑘰
𑘙𑘹𑘪𑘰 𑘝𑘻 𑘎𑘿𑘬𑘲𑘜 𑘁𑘪𑘰𑘕𑘰𑘝 𑘦𑘿𑘮𑘜𑘰𑘩𑘰
𑘦𑘰𑘖𑘿𑘧𑘰𑘕𑘪𑘯𑘓 𑘁𑘮𑘹𑘭 𑘤𑘰𑘯 𑘝𑘳 𑘁𑘃 𑘦𑘿𑘮𑘜𑘰𑘩𑘲
𑘀𑘫𑘎𑘿𑘝 𑘪 𑘁𑘕𑘰𑘨𑘲 𑘁𑘃𑘡𑘹 𑘦𑘨𑘜𑘻𑘡𑘿𑘦𑘳𑘏 𑘧𑘫𑘪𑘽𑘝𑘰𑘓𑘹 𑘚𑘻𑘎𑘹 𑘦𑘰𑘽𑘚𑘲𑘪𑘨 𑘑𑘹𑘝𑘩𑘹 𑘮𑘻𑘝𑘹 𑘝𑘲𑘓𑘿𑘧𑘰"
folio_004.png,"𑘕𑘰𑘝𑘰𑘽𑘓𑘲 𑘝𑘳𑘖𑘲 𑘢𑘰𑘢𑘹 𑘕𑘰𑘝𑘲 𑙁 𑘃𑘮 𑘭𑘼𑘏𑘿𑘧 𑘢𑘨𑘝𑘿𑘨 𑘄𑘝𑘿𑘝𑘦 𑘐𑘝𑘲 𑙁 𑘭𑘽𑘫𑘧 𑘡 𑘠𑘨𑘲 𑘐𑘰 𑘓𑘲𑘝𑘿𑘝𑘲 𑙁
𑘦𑘿𑘮𑘜𑘻𑘡𑘲 𑘡𑘲𑘨𑘻𑘢𑘲 𑘨𑘰𑘧𑘰𑘭𑘲 𑙂𑙗𑙂
𑘢𑘨𑘲𑘭𑘻𑘡𑘲 𑘐𑘼𑘝𑘦𑘰𑘓𑘹 𑘪𑘓𑘡 𑙁 𑘨𑘰𑘕𑘰 𑘦𑘡𑘲 𑘟𑘿𑘨𑘲𑘛 𑘭𑘽𑘝𑘻𑘬𑘻𑘡 𑙁 𑘝𑘿𑘪𑘨𑘲𑘝 𑘢𑘰𑘪𑘩𑘰 𑘎𑘿𑘬𑘹𑘝𑘿𑘨 𑘐𑘻𑘎𑘨𑘿𑘜 𑙁
𑘢𑘰𑘢𑘰𑘪𑘹𑘐𑘯𑘰 𑘕𑘰𑘮𑘩𑘰 𑘝𑘻 𑙂𑙘𑙂
𑘋𑘭𑘹 𑘢𑘳𑘜𑘿𑘧𑘢𑘰𑘪𑘡 𑘭𑘿𑘞𑘰𑘡 𑙁 𑘦𑘿𑘮𑘜𑘻𑘡𑘲 𑘨𑘰𑘮𑘲𑘩𑘹 𑘫𑘿𑘨𑘲𑘢𑘰𑘟 𑘁𑘢𑘜 𑙁 𑘭𑘲𑘟𑘿𑘠 𑘦𑘿𑘮𑘜𑘹 𑘋𑘎 𑘎𑘞𑘡 𑙁
𑘡𑘰𑘦𑘠𑘰𑘨𑘎𑘰 𑘊𑘎𑘓𑘲𑘝𑘿𑘝𑘹 𑙂𑙙𑙂
𑘦𑘿𑘮𑘜𑘻𑘡𑘲 𑘭𑘨𑘭𑘿𑘪𑘝𑘲𑘐𑘽𑘐𑘰𑘠𑘨𑘳 𑙁 𑘭𑘰𑘽𑘐𑘹 𑘐𑘳𑘨𑘳𑘓𑘨𑘲𑘝𑘿𑘨 𑘪𑘲𑘭𑘿𑘝𑘰𑘨𑘳 𑙁 𑘫𑘿𑘨𑘻𑘝𑘹 𑘎𑘨𑘳𑘡𑘲 𑘡𑘲𑘨𑘿𑘠𑘰𑘨𑘳 𑙁 𑘊𑘎𑘓𑘲𑘝𑘿𑘝𑘹"
folio_005.png,"𑘀𑘡𑘰𑘞𑘨𑘎𑘿𑘬𑘎 𑙁 𑘦𑘿𑘮𑘜𑘝𑘲 𑘝𑘳𑘕 𑘩𑘻𑘎 𑙁 𑘦𑘲 𑘝𑘳𑘖𑘰 𑘤𑘰𑘯𑘎 𑙁 𑘢𑘿𑘨𑘝𑘲𑘢𑘰𑘯𑘰𑘪𑘹 𑙂𑙓𑙘𑙂
𑘎𑘿𑘨𑘲𑘢𑘰𑘯𑘳 𑘦𑘿𑘮𑘜𑘻𑘡𑘲 𑙁 𑘪𑘰𑘡𑘲𑘝𑘲 𑘢𑘳𑘨𑘰𑘜𑘲 𑙁 𑘦𑘰𑘖𑘹 𑘤𑘻𑘩 𑘎𑘰𑘡𑘲 𑙁 𑘡 𑘑𑘰𑘩𑘲𑘭𑘲𑘓 𑙂𑙓𑙙𑙂
𑘡𑘰𑘧𑘎𑘭𑘲 𑘐𑘳𑘨𑘳𑘨𑘰𑘜𑘰 𑙁 𑘦𑘰𑘖𑘹 𑘎𑘨𑘳𑘡𑘰𑘪𑘓𑘡𑘰 𑙁 𑘎𑘰𑘧 𑘟𑘳𑘫𑘿𑘓𑘲𑘝𑘢𑘜𑘰 𑙁 𑘝𑘳𑘖𑘰 𑘀𑘭𑘹 𑙂𑙔𑙐𑙂
𑘦𑘰𑘖𑘹 𑘎𑘨𑘳𑘜𑘰𑘪𑘓𑘡 𑙁 𑘡 𑘋𑘎𑘝𑘲 𑘝𑘳𑘖𑘹 𑘎𑘰𑘡 𑙁 𑘋𑘎𑘻𑘡𑘲 𑘢𑘰𑘬𑘰𑘜 𑙁 𑘪𑘲𑘏𑘳𑘨𑘝𑘭𑘹 𑙂𑙔𑙑𑙂
𑘎𑘨𑘳𑘜𑘰 𑘎𑘨𑘲 𑘋𑘭𑘹 𑙁 𑘪𑘰𑘡𑘲𑘝𑘲 𑘝𑘳𑘕 𑘢𑘲𑘭𑘹 𑙁 𑘀𑘕𑘳𑘡𑘲 𑘝𑘨𑘲 𑘎𑘺𑘭𑘹 𑙁 𑘎𑘿𑘨𑘲𑘢𑘰 𑘡 𑘧𑘹 𑙂𑙔𑙒𑙂
𑘋𑘭𑘹 𑘡𑘰𑘦𑘰𑘽𑘎𑘲𑘝 𑙁 𑘪𑘲𑘡𑘪𑘲𑘝𑘰 𑘝𑘿𑘪𑘨𑘲𑘝 𑙁 𑘎𑘿𑘨𑘲𑘢𑘰𑘯𑘳 𑘫𑘿𑘨𑘲𑘐𑘳𑘨𑘳𑘡𑘰𑘞 𑙁 𑘁𑘩𑘹 𑘪𑘹𑘐𑘲 𑙂𑙔𑙓𑙂
𑘪𑘝𑘿𑘭𑘰𑘩𑘰𑘐𑘲 𑘠𑘹𑘡𑘳 𑙁 𑘕𑘺𑘫𑘲 𑘧𑘹 𑘠𑘰𑘪𑘻𑘡𑘳 𑙁 𑘝𑘺𑘭𑘹 𑘫𑘿𑘨𑘲𑘐𑘳𑘨𑘳 𑘁𑘢𑘜𑘳 𑙁 𑘁𑘩𑘹 𑘕𑘪𑘯𑘲 𑙂𑙔𑙔𑙂"
folio_006.png,"𑘁𑘜𑘲 𑘦𑘳𑘩𑘲𑘓𑘹 𑘧𑘕𑘦𑘰𑘡 𑘎𑘻𑘙𑘹 𑘁𑘮𑘹𑘝
𑘝𑘹𑘮𑘲 𑘝𑘲𑘓𑘰 𑘫𑘻𑘠 𑘎𑘨𑘲𑘝 𑘮𑘲𑘽𑘚𑘝 𑘁𑘮𑘹𑘝
𑘁𑘢𑘜 𑘪𑘨𑘿𑘝𑘦𑘰𑘡𑘢𑘝𑘿𑘨𑘰𑘝 𑘟𑘹𑘄 𑘦𑘿𑘮𑘜𑘕𑘹 𑘝𑘹 𑘀𑘭𑘝𑘲𑘩 𑘝𑘹𑘞𑘹 𑘪𑘰𑘓𑘝𑘲𑘩 𑘧𑘹𑘝𑘲𑘩 𑘭𑘰𑘨𑘹 𑘐𑘻𑘚 𑘮𑘻𑘃𑘩 𑘁𑘃
𑘝𑘳𑘦𑘓𑘲 𑘦𑘳𑘩𑘐𑘲 𑘫𑘳𑘟𑘿𑘠 𑘢𑘪𑘲𑘝𑘿𑘨 𑘁𑘮𑘹 𑘝𑘲𑘓𑘹 𑘫𑘲𑘩 𑘡𑘲𑘬𑘿𑘎𑘩𑘽𑘎 𑘁𑘮𑘹 𑘎𑘭𑘩𑘲 𑘫𑘽𑘎𑘰 𑘡𑘎𑘻 𑘁𑘩𑘹 𑘮𑘻𑘝𑘹
𑘟𑘳𑘨𑘿𑘟𑘺𑘪 𑘐𑘹𑘩𑘹
𑘟𑘹𑘪𑘰𑘓𑘲 𑘎𑘿𑘨𑘲𑘢𑘰
𑘀𑘓𑘿𑘔𑘰 𑘕𑘰𑘝𑘻 𑘦𑘲"
folio_007.png,"𑘕𑘺𑘭𑘰 𑘎𑘰𑘢𑘳𑘨𑘨𑘰𑘫𑘲𑘭𑘲 𑙁 𑘪𑘡𑘿𑘮𑘲 𑘩𑘰𑘐𑘝𑘰𑘽 𑘢𑘨𑘲𑘧𑘹𑘭𑘲𑘽 𑙁 𑘕𑘯𑘻𑘡𑘲 𑘕𑘰𑘧 𑘝𑘿𑘪𑘨𑘲𑘝𑘹𑘭𑘲𑘽 𑙁 𑘝𑘺𑘭𑘹𑘽 𑘝𑘧𑘰𑘭𑘲
𑘕𑘮𑘰𑘩𑘹𑘽 𑙂𑙔𑙙𑙂
𑘧𑘰𑘎𑘰𑘨𑘜𑘹𑘽 𑘢𑘰𑘢𑘰𑘭𑘲 𑙁 𑘀𑘡𑘳𑘝𑘢𑘿𑘝 𑘮𑘻𑘝𑘰𑘽 𑘦𑘰𑘡𑘭𑘲𑘽 𑙁 𑘎𑘿𑘬𑘰𑘩𑘜 𑘮𑘻𑘧 𑘝𑘿𑘪𑘨𑘲𑘝𑘹𑘭𑘲𑘽 𑙁 𑘫𑘝𑘕𑘡𑘿𑘦𑘲𑘽𑘓𑘹𑘽
𑘢𑘰𑘢 𑘕𑘰𑘧 𑙂𑙑𑙕𑙐𑙂
𑘡𑘲𑘨𑘿𑘪𑘰𑘜𑘨𑘳𑘢𑘹𑘽 𑘟𑘿𑘪𑘲𑘕𑘪𑘨 𑙁 𑘡𑘲𑘑𑘰𑘩𑘰 𑘝𑘿𑘧𑘕𑘳𑘽 𑘎𑘩𑘹𑘪𑘨 𑙁 𑘌𑘯𑘏𑘻𑘡𑘲𑘧𑘰𑘽 𑘕𑘐𑘟𑘿𑘐𑘳𑘨𑘳 𑙁 𑘢𑘰𑘓𑘰𑘨𑘲𑘝𑘲
𑘝𑘧𑘰𑘪𑘹𑘯𑘲𑘽 𑙂𑙕𑙑𑙂
𑘤𑘻𑘩𑘰𑘪𑘻𑘡𑘲 𑘤𑘿𑘨𑘰𑘮𑘿𑘦𑘜𑘰𑘭𑘲 𑙁 𑘡𑘲𑘨𑘻𑘢 𑘟𑘹𑘝𑘲 𑘎𑘿𑘨𑘲𑘢𑘹𑘭𑘲𑘽 𑙁 𑘡 𑘎𑘨𑘲𑘽 𑘓𑘲𑘽𑘝𑘰 𑘝𑘳𑘽 𑘦𑘰𑘡𑘭𑘲𑘽 𑙁 𑘐𑘹𑘩𑘹 𑘝𑘳𑘖𑘹"
folio_008.png,"𑘊𑘏𑘰𑘟𑘿𑘧𑘰 𑘥𑘩𑘿𑘧𑘰 𑘤𑘿𑘨𑘰𑘮𑘿𑘦𑘜𑘰𑘭𑘲 𑙁 𑘧𑘝𑘲 𑘧𑘻𑘐𑘹𑘫𑘿𑘪𑘨 𑘝𑘰𑘢𑘭𑘲 𑙁 𑘎𑘨𑘲𑘝𑘲 𑘡𑘦𑘡 𑘥𑘎𑘿𑘝𑘲𑘭𑘲 𑙁 𑘝𑘹𑘓𑘲
𑘦𑘕 𑘢𑘰𑘪𑘹 𑘕𑘰𑘜𑘰 𑙂𑙔𑙑𑙂
𑘋𑘭𑘹 𑘋𑘎𑘻𑘡𑘲 𑘟𑘲𑘢𑘎 𑙁 𑘡𑘦𑘲𑘝𑘰 𑘖𑘰𑘩𑘰 𑘁𑘜𑘲𑘎 𑙁 𑘪𑘲𑘡𑘪𑘲𑘝𑘭𑘹 𑘟𑘹𑘏 𑙁 𑘦𑘿𑘮𑘜𑘹 𑘭𑘲𑘟𑘿𑘠 𑘡𑘰𑘦𑘠𑘰𑘨𑘎𑘰
𑙂𑙔𑙒𑙂
𑘋𑘎 𑘪𑘲𑘬𑘿𑘜𑘳 𑘮𑘿𑘨𑘬𑘲𑘎𑘹𑘫𑘲 𑙁 𑘡𑘲𑘫𑘿𑘓𑘧 𑘀𑘭𑘻 𑘦𑘰𑘖𑘹 𑘦𑘰𑘡𑘭𑘲 𑙁 𑘪𑘹𑘟𑘫𑘰𑘭𑘿𑘝𑘿𑘨 𑘦𑘲𑘦𑘰𑘽𑘭𑘰𑘟𑘲𑘎𑘰𑘽𑘭𑘲 𑙁 𑘐𑘳𑘨𑘳
𑘁𑘦𑘿𑘮𑘰𑘽𑘭𑘲 𑘟𑘹𑘜𑘰𑘨 𑙂𑙔𑙓𑙂
𑘐𑘳𑘨𑘳𑘢𑘰𑘭𑘻𑘡𑘲 𑘭𑘨𑘿𑘪 𑘕𑘿𑘗𑘰𑘡 𑙁 𑘝𑘿𑘨𑘧𑘦𑘳𑘨𑘿𑘝𑘲 𑘮𑘻𑘝𑘲 𑘁𑘦𑘿𑘮𑘰𑘽 𑘁𑘠𑘲𑘡 𑙁 𑘁𑘦𑘳𑘓𑘰 𑘐𑘳𑘨𑘳𑘓𑘲 𑘟𑘹𑘪 𑘕𑘰𑘜 𑙁"
folio_009.png,"𑘌𑘪𑘲𑘭𑘽𑘏𑘿𑘧𑘰 𑙂𑙘𑙓𑙂
𑘫𑘿𑘨𑘲𑘐𑘳𑘨𑘳𑘟𑘝𑘿𑘝𑘰𑘝𑘿𑘨𑘹𑘧𑘰𑘨𑘿𑘢𑘜𑘦𑘭𑘿𑘝𑘳
𑘐𑘳𑘨𑘳𑘓𑘨𑘲𑘝𑘿𑘨 𑘀𑘠𑘿𑘧𑘰𑘧 𑘓𑘼𑘞𑘰
𑘫𑘿𑘨𑘲𑘐𑘜𑘹𑘫𑘰𑘧 𑘡𑘦𑘾 𑙁
𑘋𑘫𑘲 𑘫𑘲𑘬𑘿𑘧𑘰𑘓𑘲 𑘪𑘲𑘡𑘽𑘝𑘲 𑙁 𑘋𑘎𑘻𑘡 𑘭𑘲𑘟𑘿𑘠 𑘎𑘰𑘧 𑘤𑘻𑘩𑘝𑘲 𑙁 𑘭𑘰𑘠𑘳 𑘭𑘰𑘠𑘳 𑘝𑘳𑘖𑘲 𑘥𑘎𑘿𑘝𑘲 𑙁 𑘢𑘿𑘨𑘲𑘝𑘲
𑘢𑘰𑘪𑘻 𑘐𑘳𑘨𑘳𑘓𑘨𑘜𑘲 𑙂𑙑𑙂
𑘋𑘎 𑘫𑘲𑘬𑘿𑘧𑘓𑘳𑘚𑘰𑘦𑘜𑘲 𑙁 𑘠𑘡𑘿𑘧 𑘠𑘡𑘿𑘧 𑘝𑘳𑘖𑘲 𑘪𑘰𑘜𑘲 𑙁 𑘁𑘙𑘪𑘝𑘭𑘹 𑘝𑘳𑘖𑘿𑘧𑘰 𑘢𑘿𑘨𑘫𑘿𑘡𑘲 𑙁"
folio_010.png,"𑘕𑘹 𑘕𑘹 𑘭𑘦𑘧𑘲 𑘫𑘿𑘨𑘲𑘐𑘳𑘨𑘳𑘭𑘲 𑙁 𑘝𑘳 𑘥𑘎𑘿𑘝𑘲𑘡𑘹 𑘭𑘿𑘝𑘳𑘝𑘲 𑘎𑘨𑘲𑘭𑘲 𑙁 𑘝𑘹𑘜𑘹 𑙁 𑘮𑘻𑘄 𑘁𑘦𑘿𑘮𑘲 𑘭𑘽𑘝𑘻𑘬𑘲 𑙁 𑘝𑘹𑘓𑘲
𑘁𑘦𑘳𑘓𑘲 𑘭𑘿𑘝𑘳𑘝𑘲 𑘕𑘰𑘜 𑙂𑙕𑙖𑙂
𑘪𑘹𑘟 𑘪𑘰𑘓𑘲𑘝𑘲 𑘭𑘰𑘽𑘐𑘹𑘭𑘲 𑙁 𑘪𑘹𑘟𑘰𑘡𑘿𑘝 𑘥𑘰𑘬𑘿𑘧 𑘀𑘮𑘨𑘿𑘡𑘲𑘬𑘲 𑙁 𑘪𑘰𑘓𑘲𑘝𑘲 𑘕𑘡 𑘄𑘝𑘿𑘎𑘿𑘨𑘲𑘬𑘿𑘘𑘹𑘭𑘲 𑙁 𑘁𑘦𑘿𑘮𑘰
𑘢𑘰𑘪𑘹 𑘡𑘲𑘨𑘿𑘠𑘰𑘨𑘲 𑙂𑙕𑙗𑙂
𑘤𑘻𑘩𑘝𑘲 𑘪𑘹𑘟 𑘭𑘲𑘟𑘿𑘠𑘰𑘡𑘿𑘝 𑙁 𑘐𑘳𑘨𑘳𑘓𑘲 𑘤𑘿𑘨𑘮𑘿𑘦 𑘀𑘭𑘹 𑘦𑘿𑘮𑘜𑘝 𑙁 𑘧𑘰𑘓𑘲 𑘎𑘰𑘨𑘜𑘹 𑘐𑘳𑘨𑘳 𑘥𑘕𑘝𑘰 𑘭𑘝𑘿𑘧 𑙁 𑘭𑘨𑘿𑘪
𑘟𑘹𑘪𑘝𑘰 𑘝𑘳𑘕 𑘪𑘫𑘿𑘧 𑙂𑙕𑙘𑙂
𑘐𑘳𑘨𑘳 𑘦𑘿𑘮𑘜𑘕𑘹 𑘀𑘎𑘿𑘬𑘨 𑘟𑘻𑘡 𑙁 𑘀𑘦𑘿𑘨𑘲𑘝𑘰𑘓𑘰 𑘭𑘦𑘳𑘟𑘿𑘨 𑘕𑘰𑘜 𑙁 𑘝𑘧𑘰𑘦𑘠𑘿𑘧𑘹 𑘤𑘳𑘚𑘝𑘰 𑘎𑘿𑘬𑘜 𑙁 𑘎𑘹𑘪𑘲 𑘮𑘻𑘧"
folio_011.png,"𑘮𑘰𑘭𑘻𑘡𑘲𑘧𑘰 𑘩𑘽𑘎𑘹𑘫𑘿𑘪𑘨 𑙁 𑘩𑘻𑘥𑘹 𑘠𑘨𑘲𑘩𑘰 𑘝𑘿𑘧𑘰𑘓𑘰 𑘎𑘨 𑙁 𑘭𑘰𑘽𑘐 𑘤𑘰𑘯𑘎𑘰 𑘎𑘪𑘜𑘰𑘓𑘰 𑘎𑘳𑘦𑘨 𑙁 𑘢𑘿𑘨𑘲𑘝𑘲𑘥𑘰𑘪𑘹
𑘢𑘳𑘭𑘝𑘻 𑘦𑘲 𑙂𑙖𑙒𑙂
𑘤𑘿𑘨𑘮𑘿𑘦𑘓𑘰𑘨𑘲 𑘦𑘿𑘮𑘜𑘹 𑘨𑘰𑘪𑘜𑘰𑘭𑘲 𑙁 𑘁𑘦𑘳𑘓𑘰 𑘢𑘲𑘝𑘰 𑘎𑘰𑘧 𑘢𑘳𑘭𑘭𑘲 𑙁 𑘕𑘘𑘰𑘠𑘰𑘨𑘲 𑘥𑘭𑘿𑘦𑘰𑘽𑘐𑘰𑘭𑘲 𑙁 𑘨𑘳𑘟𑘿𑘨𑘰𑘎𑘿𑘬
𑘦𑘰𑘯𑘰 𑘀𑘭𑘝𑘲 𑘟𑘹𑘏𑘰 𑙂𑙖𑙓𑙂
𑘫𑘽𑘎𑘨 𑘦𑘿𑘮𑘜𑘝𑘲 𑘝𑘧𑘰𑘫𑘲 𑙁 𑘥𑘲𑘎𑘿𑘬𑘰 𑘦𑘰𑘐𑘜𑘹 𑘀𑘮𑘨𑘿𑘡𑘲𑘫𑘲 𑙁 𑘪𑘿𑘨𑘲𑘬𑘰𑘨𑘳𑘛 𑘄𑘦𑘰 𑘭𑘨𑘭𑘲 𑙁 𑘕𑘡𑘡𑘲 𑘝𑘹
𑘕𑘐𑘡𑘿𑘦𑘰𑘝𑘰 𑙂𑙖𑙔𑙂
𑘃𑘝𑘳𑘎𑘹 𑘁𑘦𑘿𑘮𑘰𑘽𑘭𑘲 𑘢𑘳𑘭𑘝𑘻𑘭𑘲 𑙁 𑘝𑘳𑘕 𑘟𑘹𑘏𑘝𑘰 𑘥𑘧 𑘦𑘰𑘡𑘭𑘲 𑙁 𑘤𑘮𑘳𑘝 𑘪𑘰𑘘𑘹 𑘢𑘨𑘲𑘧𑘹𑘭𑘲 𑙁 𑘭𑘻𑘚 𑘮𑘰𑘝 𑘕𑘰𑘄 𑘟𑘹"
folio_012.png,"𑘫𑘿𑘨𑘲𑘐𑘳𑘨𑘳𑘓𑘨𑘲𑘝𑘿𑘨 𑘦𑘮𑘲𑘦𑘰𑘡 𑙁 𑘝𑘹𑘓𑘲 𑘁𑘦𑘿𑘮𑘰 𑘀𑘦𑘿𑘨𑘲𑘝𑘢𑘰𑘡 𑙁 𑘭𑘟𑘰 𑘭𑘹𑘪𑘲𑘝𑘻 𑘧𑘰𑘓𑘹 𑘐𑘳𑘜 𑙁 𑘦𑘿𑘮𑘜𑘻𑘡𑘲
𑘢𑘳𑘭𑘿𑘝𑘎 𑘟𑘰𑘪𑘲𑘩𑘹 𑙂𑙘𑙂
𑘥𑘳𑘎𑘿𑘝𑘲 𑘦𑘳𑘎𑘿𑘝𑘲 𑘢𑘨𑘦𑘰𑘨𑘿𑘞 𑙁 𑘕𑘹 𑘕𑘹 𑘪𑘰𑘽𑘔𑘲𑘕𑘹 𑘦𑘡𑘰𑘽𑘝 𑙁 𑘝𑘹 𑘝𑘹 𑘭𑘰𑘠𑘿𑘧 𑘮𑘻𑘧 𑘝𑘿𑘪𑘨𑘲𑘝 𑙁 𑘐𑘳𑘨𑘳𑘓𑘨𑘲𑘝𑘿𑘨 𑘋𑘎𑘝𑘰
𑙂𑙙𑙂
𑘠𑘡𑘰𑘨𑘿𑘞𑘲 𑘧𑘰𑘭𑘲 𑘀𑘎𑘿𑘬𑘧 𑘠𑘡 𑙁 𑘢𑘳𑘝𑘿𑘨𑘢𑘼𑘝𑘿𑘨𑘰𑘟𑘲 𑘐𑘻𑘠𑘡 𑙁 𑘎𑘞𑘰 𑘋𑘎𑘝𑘰 𑘮𑘻𑘧 𑘕𑘰𑘜 𑙁
𑘕𑘿𑘗𑘰𑘡𑘭𑘲𑘟𑘿𑘠𑘲 𑘝𑘰𑘝𑘿𑘎𑘰𑘯 𑙂𑙑𑙐𑙂
𑘕𑘹 𑘥𑘎𑘿𑘝𑘲𑘡𑘹 𑘭𑘢𑘿𑘝𑘎 𑘊𑘎 𑙁 𑘢𑘛𑘝𑘲 𑘋𑘎𑘝𑘲 𑘥𑘎𑘿𑘝𑘩𑘻𑘎 𑙁 𑘎𑘰𑘦𑘿𑘧 𑘮𑘻𑘧 𑘝𑘰𑘝𑘿𑘎𑘰𑘩𑘲𑘎 𑙁 𑘡𑘲𑘢𑘳𑘝𑘿𑘨𑘲𑘎𑘰"
folio_013.png,"𑘓𑘲𑘽𑘝𑘰 𑘎𑘨𑘲 𑘦𑘡𑘲 𑘤𑘮𑘳𑘝 𑙁 𑘫𑘲𑘪 𑘫𑘲𑘪 𑘋𑘭𑘹 𑘄𑘓𑘿𑘓𑘰𑘨𑘲𑘝 𑙁 𑘠𑘿𑘧𑘰𑘝𑘭𑘹 𑘭𑘿𑘝𑘻𑘝𑘿𑘨 𑘎𑘨𑘲𑘝 𑙁 𑘫𑘨𑘜𑘰𑘐𑘝𑘰 𑘨𑘎𑘿𑘬
𑘦𑘿𑘮𑘜𑘻𑘡𑘲 𑙂𑙓𑙗𑙂
𑘝𑘿𑘨𑘰𑘮𑘲 𑘝𑘿𑘨𑘰𑘮𑘲 𑘢𑘲𑘡𑘰𑘎𑘢𑘰𑘜𑘲 𑙁 𑘕𑘐𑘟𑘿𑘨𑘎𑘿𑘬𑘎𑘫𑘲𑘨𑘻𑘦𑘜𑘲 𑙁 𑘫𑘨𑘜 𑘁𑘩𑘻 𑘝𑘳𑘖𑘹 𑘓𑘨𑘜𑘲 𑙁 𑘦𑘨𑘜 𑘎𑘺𑘓𑘹
𑘥𑘎𑘿𑘝𑘰𑘭𑘲 𑙂𑙓𑙘𑙂
𑘫𑘽𑘎𑘨 𑘥𑘻𑘯𑘰 𑘓𑘎𑘿𑘨𑘪𑘨𑘿𑘝𑘲 𑙁 𑘋𑘎𑘻𑘡𑘲 𑘝𑘿𑘧𑘰𑘓𑘲 𑘪𑘲𑘡𑘽𑘝𑘲 𑙁 𑘓𑘹𑘢𑘲𑘩𑘹 𑘮𑘻𑘝𑘹 𑘪𑘰𑘦𑘮𑘭𑘿𑘝𑘲 𑙁 𑘎𑘰𑘛𑘲𑘩𑘹 𑘝𑘿𑘪𑘨𑘲𑘝
𑘎𑘿𑘨𑘲𑘢𑘹𑘡𑘹 𑙂𑙓𑙙𑙂
𑘭𑘳𑘘𑘩𑘰 𑘝𑘹𑘞𑘳𑘡𑘲 𑘩𑘽𑘎𑘹𑘫𑘿𑘪𑘨 𑙁 𑘭𑘿𑘝𑘻𑘝𑘿𑘨 𑘎𑘨𑘲𑘝𑘭𑘹 𑘀𑘢𑘰𑘨 𑙁 𑘭𑘿𑘪𑘫𑘲𑘨𑘹 𑘔𑘹𑘟𑘻𑘡𑘲 𑘢𑘨𑘲𑘎𑘨𑘹 𑙁 𑘝𑘽𑘝𑘳 𑘩𑘰𑘪𑘲𑘩𑘹"
folio_014.png,"𑘨𑘰𑘕𑘰𑘡𑘹 𑘨𑘰𑘐𑘰𑘡𑘹 𑘪𑘲𑘓𑘰𑘨𑘩𑘹 𑘎𑘻𑘙𑘹 𑘁𑘮𑘹 𑘭𑘽𑘢𑘝𑘿𑘝𑘲 𑘨𑘰𑘕𑘰𑘓𑘲 𑘞𑘘𑘿𑘘𑘰 𑘎𑘨𑘝𑘻𑘭
𑘢𑘿𑘨𑘠𑘰𑘡 𑘡𑘦𑘿𑘨𑘢𑘜𑘹 𑘦𑘿𑘮𑘜𑘰𑘩𑘰 𑘦𑘮𑘰𑘨𑘰𑘕 𑘮𑘲𑘓 𑘦𑘰𑘖𑘲 𑘏𑘨𑘲 𑘭𑘽𑘢𑘝𑘿𑘝𑘲 𑘝𑘳𑘦𑘓𑘿𑘧𑘰 𑘪𑘚𑘲𑘩𑘰𑘽𑘡𑘲 𑘦𑘩𑘰
𑘨𑘰𑘡𑘰𑘝𑘳𑘡 𑘁𑘜𑘩𑘹 𑘝𑘹𑘪𑘿𑘮𑘰 𑘊𑘪𑘛𑘿𑘧𑘰𑘓 𑘪𑘭𑘿𑘝𑘳 𑘦𑘰𑘖𑘿𑘧𑘰𑘕𑘪𑘯 𑘮𑘻𑘝𑘿𑘧𑘰 𑘤𑘰𑘎𑘲𑘓𑘹 𑘦𑘰𑘖𑘹 𑘪𑘺𑘥𑘪 𑘝𑘳𑘦𑘓𑘹 𑘮𑘻𑘝𑘹 𑘝𑘹
𑘦𑘲 𑘭𑘰𑘨𑘹 𑘩𑘻𑘎𑘰𑘽𑘭 𑘟𑘹𑘝 𑘀𑘭𑘹 𑘁𑘃 𑘦𑘿𑘮𑘜𑘰𑘩𑘲 𑘮𑘻𑘝𑘲 𑘨𑘰𑘕𑘰𑘓𑘲 𑘦𑘨𑘿𑘕𑘲 𑘦𑘿𑘮𑘜𑘕𑘹 𑘁𑘯𑘪𑘰𑘪𑘨𑘓𑘹 𑘢𑘰𑘜𑘲
𑘨𑘰𑘕𑘰𑘓𑘲 𑘡𑘻𑘎𑘨𑘲 𑘦𑘿𑘮𑘜𑘕𑘹 𑘭𑘳𑘯𑘰𑘪𑘨𑘓𑘲 𑘢𑘻𑘯𑘲 𑘝𑘲𑘓𑘹 𑘫𑘤𑘿𑘟 𑘏𑘨𑘹 𑘖𑘰𑘩𑘹 𑘦𑘲 𑘢𑘳𑘡𑘿𑘮𑘰 𑘨𑘰𑘡𑘰𑘝 𑘕𑘰𑘝𑘻 𑘪
𑘨𑘰𑘡𑘰𑘝𑘲𑘩 𑘨𑘰𑘕𑘰 𑘮𑘻𑘝𑘻
𑘨𑘰𑘕𑘰𑘩𑘰 𑘪𑘰𑘃𑘘 𑘪𑘰𑘘𑘩𑘹 𑘝𑘿𑘧𑘰𑘩𑘰 𑘝𑘿𑘧𑘰 𑘟𑘳𑘬𑘿𑘘 𑘎𑘰𑘨𑘥𑘰𑘨𑘲 𑘦𑘽𑘚𑘯𑘲𑘽𑘓𑘰 𑘨𑘰𑘐 𑘁𑘩𑘰 𑘝𑘿𑘧𑘰𑘡𑘹 𑘐𑘳𑘨𑘰𑘏𑘿𑘧𑘰𑘩𑘰"
folio_015.png,"𑘝𑘳𑘬𑘿𑘘𑘪𑘰𑘪𑘧𑘰 𑘃𑘽𑘟𑘿𑘨𑘲𑘧𑘰𑘽𑘭𑘲 𑙁 𑘝𑘳𑘪𑘰 𑘕𑘰𑘪𑘹 𑘦𑘿𑘩𑘹𑘔𑘪𑘽𑘫𑘰𑘭𑘲 𑙁 𑘁𑘪𑘚𑘲 𑘕𑘰𑘮𑘩𑘲 𑘝𑘳𑘖𑘹 𑘦𑘰𑘡𑘭𑘲 𑙁
𑘨𑘰𑘕𑘿𑘧 𑘥𑘻𑘐𑘲 𑘕𑘰𑘧 𑘝𑘿𑘪𑘨𑘲𑘝 𑙂𑙓𑙐𑙂
𑘋𑘎𑘻𑘡𑘲 𑘭𑘿𑘪𑘰𑘽𑘦𑘲𑘓𑘹 𑘪𑘓𑘡 𑙁 𑘪𑘲𑘡𑘪𑘲 𑘨𑘕𑘎 𑘎𑘨 𑘕𑘻𑘚𑘳𑘡 𑙁 𑘎𑘿𑘨𑘲𑘢𑘰𑘭𑘰𑘐𑘨𑘳 𑘝𑘳 𑘐𑘳𑘨𑘳𑘨𑘰𑘕 𑘢𑘳𑘨𑘿𑘜 𑙁
𑘄𑘢𑘹𑘎𑘿𑘬𑘳 𑘡𑘎𑘻 𑘦𑘿𑘮𑘜𑘝𑘭𑘹 𑙂𑙓𑙑𑙂
𑘀𑘽𑘝𑘨𑘝𑘲𑘩 𑘝𑘳𑘖𑘹 𑘓𑘨𑘜 𑙁 𑘟𑘿𑘧𑘰𑘪𑘹 𑘦𑘰𑘝𑘹 𑘢𑘳𑘡𑘨𑘿𑘟𑘨𑘿𑘫𑘡 𑙁 𑘝𑘳𑘖𑘰 𑘀𑘡𑘳𑘐𑘿𑘨𑘮 𑘀𑘭𑘹 𑘎𑘰𑘨𑘜 𑙁 𑘕𑘿𑘗𑘰𑘡
𑘟𑘿𑘧𑘰𑘪𑘹 𑘟𑘰𑘝𑘰𑘨𑘰 𑙂𑙓𑙒𑙂
𑘫𑘿𑘨𑘲𑘐𑘳𑘨𑘳 𑘦𑘿𑘮𑘜𑘝𑘲 𑘝𑘧𑘰𑘭𑘲 𑙁 𑘪𑘺𑘟𑘳𑘨𑘰𑘡𑘐𑘨𑘲 𑘕𑘡𑘿𑘦 𑘑𑘹𑘭𑘲 𑙁 𑘥𑘹𑘘𑘲 𑘟𑘹𑘄 𑘀𑘽𑘝𑘎𑘰𑘯𑘰𑘭𑘲 𑙁 𑘎𑘰𑘨𑘜"
folio_016.png,"𑘢𑘳𑘛𑘹 𑘀𑘪𑘝𑘰𑘨 𑘪𑘿𑘮𑘰𑘪𑘧𑘰 𑘐𑘝𑘲 𑙁 𑘭𑘰𑘽𑘐𑘹𑘡 𑘋𑘎𑘰 𑘊𑘎𑘓𑘲𑘝𑘿𑘝𑘲 𑙁 𑘫𑘿𑘨𑘲𑘢𑘰𑘟 𑘎𑘳𑘨𑘪𑘢𑘳𑘨𑘰 𑘀𑘭𑘝𑘲 𑙁
𑘎𑘰𑘨𑘿𑘧𑘎𑘰𑘨𑘜𑘦𑘡𑘳𑘬𑘿𑘧𑘟𑘹𑘮𑘲 𑙂𑙑𑙓𑙂
𑘀𑘪𑘝𑘰𑘨 𑘪𑘿𑘮𑘰𑘪𑘧𑘰𑘓𑘹 𑘎𑘰𑘨𑘜 𑙁 𑘭𑘰𑘽𑘐𑘹𑘡 𑘝𑘿𑘧𑘰𑘓𑘹 𑘢𑘳𑘨𑘿𑘪𑘎𑘞𑘡 𑙁 𑘪𑘹𑘟𑘫𑘰𑘭𑘿𑘝𑘿𑘨𑘭𑘽𑘢𑘡𑘿𑘡 𑘤𑘿𑘨𑘰𑘮𑘿𑘦𑘜 𑙁 𑘮𑘻𑘝𑘰
𑘝𑘧𑘰 𑘐𑘿𑘨𑘰𑘦𑘲 𑙂𑙑𑙔𑙂
𑘝𑘿𑘧𑘰𑘓𑘲 𑘥𑘰𑘨𑘿𑘧𑘰 𑘮𑘻𑘝𑘲 𑘟𑘹𑘏𑘰 𑙁 𑘡𑘰𑘦 𑘝𑘲𑘧𑘹𑘓𑘹 𑘀𑘽𑘤𑘲𑘎𑘰 𑙁 𑘭𑘳𑘫𑘲𑘩 𑘁𑘓𑘰𑘨 𑘢𑘝𑘲𑘭𑘹𑘪𑘎𑘰 𑙁 𑘦𑘮𑘰𑘢𑘳𑘜𑘿𑘧 𑘭𑘝𑘲
𑘟𑘹𑘏𑘰 𑙂𑙑𑙕𑙂
𑘝𑘲𑘧𑘹𑘭𑘲 𑘢𑘳𑘝𑘿𑘨 𑘮𑘻𑘄𑘡𑘲 𑘦𑘨𑘝𑘲 𑙁 𑘢𑘳𑘨𑘿𑘪𑘎𑘨𑘿𑘦𑘣𑘯 𑘀𑘨𑘿𑘕𑘲𑘝𑘲 𑙁 𑘀𑘡𑘹𑘎 𑘝𑘲𑘨𑘿𑘞𑘹 𑘁𑘓𑘨𑘝𑘲 𑙁 𑘝𑘲𑘜𑘹 𑘎𑘹𑘩𑘲"
folio_017.png,"𑘄𑘙𑘰 𑘪𑘰𑘦𑘡𑘨𑘰𑘪 𑘮𑘰𑘝𑘢𑘰𑘧 𑘠𑘳𑘪𑘰 𑘀𑘭𑘹 𑘪𑘚𑘲𑘩 𑘝𑘿𑘧𑘰𑘽𑘡𑘰 𑘦𑘿𑘮𑘜𑘰𑘩𑘹
𑘧𑘰 𑘤𑘭𑘰 𑘧𑘹𑘞𑘹 𑘭𑘻𑘪𑘯𑘹 𑘡𑘭𑘩𑘹 𑘝𑘨𑘲 𑘓𑘰𑘩𑘹𑘩 𑘎𑘰𑘮𑘲 𑘮𑘨𑘎𑘝 𑘡𑘰𑘮𑘲 𑘀𑘭𑘹 𑘪𑘚𑘲𑘩 𑘝𑘿𑘧𑘰𑘽𑘡𑘰
𑘦𑘿𑘮𑘜𑘰𑘩𑘹 𑘕𑘹 𑘪𑘚𑘲𑘩 𑘁𑘦𑘿𑘮𑘰𑘽𑘭 𑘭𑘻𑘪𑘯𑘿𑘧𑘰 𑘌𑘪𑘯𑘿𑘧𑘰𑘭𑘰𑘙𑘲 𑘤𑘻𑘩𑘰𑘪𑘧𑘰𑘓𑘹 𑘝𑘿𑘧𑘰𑘽𑘡𑘰 𑘝𑘻 𑘌𑘪𑘯𑘰
𑘦𑘡𑘳𑘬𑘿𑘧 𑘭𑘿𑘪𑘝𑘾𑘓𑘿𑘧𑘰 𑘫𑘹𑘕𑘰𑘨𑘲 𑘓𑘰𑘩𑘩𑘰 𑘕𑘜𑘳 𑘝𑘻 𑘭𑘰𑘪𑘎𑘰𑘨𑘰𑘓𑘰 𑘦𑘡𑘳𑘬𑘿𑘧 𑘦𑘿𑘮𑘜𑘕𑘹 𑘟𑘹𑘪𑘓 𑘮𑘻𑘝𑘰
𑘝𑘿𑘧𑘰𑘓𑘲 𑘮𑘰𑘽𑘕𑘲 𑘮𑘰𑘽𑘕𑘲 𑘎𑘨𑘜𑘹 𑘝𑘿𑘧𑘰𑘓𑘰 𑘄𑘟𑘻𑘄𑘟𑘻 𑘎𑘨𑘜𑘹 𑘊𑘪𑘛𑘹𑘓 𑘪𑘚𑘲𑘩𑘰𑘽𑘓𑘹 𑘎𑘰𑘦 𑘮𑘻𑘝𑘹 𑘎𑘰𑘧
𑘎𑘨𑘝𑘲𑘩 𑘮𑘰 𑘊𑘪𑘛𑘰 𑘦𑘲𑘽𑘠𑘹𑘢𑘜𑘰 𑘮𑘰 𑘝𑘹𑘕𑘻𑘥𑘽𑘐 𑘮𑘲 𑘭𑘝𑘿𑘝𑘿𑘪𑘮𑘰𑘡𑘲 𑘎𑘫𑘰𑘡𑘹 𑘖𑘰𑘩𑘲 𑘊𑘎𑘰
𑘎𑘨𑘿𑘕𑘰𑘦𑘳𑘯𑘹 𑘎𑘨𑘿𑘕 𑘎𑘰 𑘖𑘰𑘩𑘹 𑘩𑘐𑘿𑘡𑘦𑘳𑘽𑘕𑘲𑘝𑘳𑘡 𑘪𑘰𑘘𑘹𑘩 𑘝𑘭𑘰 𑘏𑘨𑘿𑘓 𑘎𑘹𑘩𑘿𑘧𑘰𑘡𑘹 𑘢𑘳𑘨𑘿𑘪𑘲𑘓𑘿𑘧𑘰"
folio_018.png,"𑘭𑘽𑘫𑘧 𑘡 𑘠𑘨𑘲𑘽 𑘁𑘝𑘰𑘽 𑘦𑘡𑘲𑘽 𑙁 𑘥𑘲𑘄𑘽 𑘡𑘎𑘻 𑘀𑘽𑘝𑘾𑘎𑘨𑘜𑘲𑘽 𑙁 𑘪𑘿𑘧𑘰𑘠𑘲 𑘐𑘹𑘩𑘲 𑘢𑘯𑘻𑘡𑘲 𑙁 𑘥𑘻𑘕𑘡 𑘎𑘨𑘲
𑘠𑘜𑘲𑘪𑘨𑘲 𑙂𑙑𑙒𑙐𑙂
𑘫𑘿𑘨𑘲𑘐𑘳𑘨𑘳𑘪𑘓𑘡 𑘋𑘎𑘻𑘡𑘲 𑙁 𑘭𑘿𑘞𑘲𑘨 𑘖𑘰𑘩𑘰 𑘀𑘽𑘝𑘾𑘎𑘨𑘜𑘲𑘽 𑙁 𑘦𑘰𑘞𑘰 𑘙𑘹𑘪𑘳𑘡𑘲 𑘫𑘿𑘨𑘲𑘐𑘳𑘨𑘳𑘓𑘨𑘜𑘲𑘽 𑙁 𑘡𑘦𑘡
𑘎𑘹𑘩𑘹𑘽 𑘝𑘧𑘰 𑘪𑘹𑘯𑘲𑘽 𑙂𑙒𑙑𑙂
𑘃𑘝𑘳𑘎𑘲𑘧𑘰 𑘀𑘪𑘭𑘨𑘲𑘽 𑙁 𑘝𑘧𑘰 𑘐𑘿𑘨𑘰𑘦𑘲𑘽𑘓𑘰 𑘀𑘠𑘲𑘎𑘰𑘨𑘲 𑙁 𑘪𑘲𑘢𑘿𑘨 𑘊𑘎 𑘀𑘪𑘠𑘰𑘨𑘲𑘽 𑙁 𑘁𑘩𑘰
𑘐𑘽𑘐𑘰𑘭𑘿𑘡𑘰𑘡𑘰𑘭𑘲 𑙂𑙒𑙒𑙂
𑘝𑘽𑘪 𑘟𑘹𑘏𑘲𑘩𑘹𑘽 𑘫𑘿𑘨𑘲𑘐𑘳𑘨𑘳𑘭𑘲 𑙁 𑘧𑘹𑘄𑘡𑘲 𑘩𑘰𑘐𑘩𑘰 𑘓𑘨𑘜𑘰𑘽𑘭𑘲 𑙁 𑘡𑘦𑘡 𑘎𑘹𑘩𑘹𑘽 𑘥𑘎𑘿𑘝𑘲𑘭𑘲𑘽 𑙁"
folio_019.png,"𑘕𑘰𑘄 𑘝𑘲𑘭𑘨𑘹 𑘢𑘿𑘨𑘮𑘨𑘲
𑘎𑘻𑘜 𑘎𑘻𑘜 𑘕𑘰𑘜𑘰𑘨
𑘐𑘨𑘿𑘟𑘲 𑘡𑘎𑘻 𑘝𑘳 𑘡𑘲 𑘦𑘲 𑘦𑘡𑘰𑘢𑘰𑘭𑘳𑘡 𑘢𑘰𑘧𑘰 𑘢𑘚𑘳 𑘮𑘻
𑘤𑘨𑘹
𑘤𑘳𑘠𑘪𑘰𑘨 𑘄𑘕𑘰𑘚𑘩𑘰 𑘁𑘕 𑘎𑘰𑘧 𑘀𑘭𑘹𑘩 𑘝𑘹 𑘀𑘭𑘻 𑘓𑘲𑘝𑘿𑘨𑘰𑘩𑘰 𑘭𑘰𑘨𑘏𑘲 𑘓𑘰𑘨𑘳𑘓𑘲 𑘁𑘙𑘪𑘜 𑘧𑘹𑘝 𑘮𑘻𑘝𑘲
𑘕𑘹𑘪𑘝𑘰𑘡𑘰 𑘝𑘿𑘧𑘰𑘓𑘹 𑘑𑘰𑘭 𑘝𑘻 𑘑𑘹𑘝 𑘮𑘻𑘝𑘲 𑘝𑘲𑘓𑘿𑘧𑘰 𑘚𑘻𑘯𑘿𑘧𑘰𑘽𑘝𑘳𑘡 𑘦𑘠𑘿𑘧𑘹𑘓 𑘢𑘰𑘜𑘲 𑘧𑘹𑘃 𑘁𑘕 𑘟𑘹𑘪𑘲𑘩𑘰
𑘕𑘰𑘧𑘓𑘹 𑘓𑘰𑘨𑘳𑘩𑘰 𑘢𑘝𑘿𑘨 𑘙𑘹𑘪𑘳 𑘎𑘰 𑘩𑘲𑘮𑘳𑘡 𑘝𑘻 𑘎𑘰 𑘁𑘙𑘪𑘜 𑘎𑘰𑘛𑘝𑘻 𑘁𑘮𑘹 𑘦𑘰𑘖𑘲 𑘝𑘿𑘧𑘰𑘩𑘰 𑘩𑘲𑘮𑘲𑘝𑘿𑘧𑘹 𑘎𑘲"
folio_020.png,"𑘤𑘰𑘯𑘰𑘢𑘰𑘭𑘲 𑘦𑘰𑘝𑘰 𑙁 𑘎𑘰𑘧 𑘦𑘰𑘐𑘹 𑘝𑘰𑘝𑘰 𑙁 𑘋𑘎 𑘫𑘿𑘨𑘲𑘐𑘳𑘨𑘳𑘡𑘰𑘞𑘰 𑙁 𑘎𑘰𑘧 𑘟𑘹𑘄 𑙂𑙑𑙒𑙂
𑘑𑘹𑘄𑘡𑘲𑘧𑘰 𑘟𑘹𑘝𑘰 𑙁 𑘡𑘰𑘦 𑘡𑘰𑘮𑘲 𑘟𑘰𑘝𑘰 𑙁 𑘟𑘧𑘰𑘡𑘲𑘠𑘲 𑘦𑘿𑘮𑘜𑘝𑘰 𑙁 𑘤𑘻𑘩 𑘟𑘲𑘭𑘹 𑙂𑙑𑙓𑙂
𑘟𑘹𑘄 𑘡 𑘫𑘎𑘭𑘲 𑙁 𑘦𑘿𑘮𑘜𑘹 𑘦𑘲 𑘦𑘰𑘡𑘭𑘲 𑙁 𑘓𑘼𑘟𑘰𑘮𑘲 𑘥𑘳𑘪𑘡𑘰𑘭𑘲 𑙁 𑘝𑘳𑘓𑘲 𑘟𑘰𑘝𑘰 𑙂𑙑𑙔𑙂
𑘝𑘳𑘖𑘹 𑘦𑘡𑘲 𑘢𑘰𑘮𑘲 𑙁 𑘪𑘭𑘹 𑘁𑘜𑘲𑘎 𑘎𑘰𑘮𑘲 𑙁 𑘭𑘹𑘪𑘰 𑘎𑘹𑘩𑘲 𑘡𑘰𑘮𑘲 𑙁 𑘦𑘿𑘮𑘜𑘻𑘡𑘲𑘧𑘰 𑙂𑙑𑙕𑙂
𑘭𑘹𑘪𑘰 𑘑𑘹𑘪𑘻𑘡𑘲𑘧𑘰 𑙁 𑘟𑘹𑘜𑘹 𑘮𑘹 𑘭𑘰𑘦𑘰𑘡𑘿𑘧 𑙁 𑘡𑘰𑘦 𑘡𑘭𑘹 𑘕𑘰𑘜 𑙁 𑘟𑘰𑘝𑘿𑘨𑘲𑘝𑘿𑘪𑘰𑘭𑘲 𑙂𑙑𑙖𑙂
𑘝𑘯𑘲 𑘤𑘰𑘪𑘲 𑘪𑘲𑘮𑘲𑘨𑘲 𑙁 𑘀𑘭𑘝𑘲 𑘥𑘳𑘦𑘲𑘪𑘨𑘲 𑙁 𑘦𑘹𑘑 𑘝𑘻 𑘀𑘽𑘤𑘨𑘲 𑙁 𑘪𑘨𑘿𑘬𑘝𑘭𑘹 𑙂𑙑𑙗𑙂
𑘦𑘹𑘑𑘰𑘓𑘲 𑘮𑘲 𑘭𑘹𑘪𑘰 𑙁 𑘡 𑘎𑘨𑘲𑘝𑘰 𑘭𑘿𑘪𑘥𑘰𑘪𑘰 𑙁 𑘄𑘟𑘎𑘢𑘳𑘨𑘿𑘜 𑘭𑘨𑘿𑘪𑘰 𑙁 𑘎𑘹𑘪𑘲 𑘎𑘨𑘲 𑙂𑙑𑙘𑙂"
folio_021.png,"𑘀𑘫𑘰𑘓 𑘞𑘻𑘨 𑘨𑘲𑘬𑘲𑘽𑘢𑘺𑘎𑘲 𑘦𑘝𑘽𑘐 𑘨𑘲𑘬𑘲 𑘮𑘹 𑘊𑘎 𑘮𑘻𑘝𑘹 𑘢𑘽𑘢𑘰𑘭𑘨𑘻𑘪𑘨𑘰𑘓𑘿𑘧𑘰𑘕𑘪𑘯 𑘝𑘿𑘧𑘰𑘽𑘓𑘰 𑘁𑘫𑘿𑘨𑘦 𑘮𑘻𑘝𑘰
𑘁𑘕𑘳𑘤𑘰𑘕𑘳𑘩𑘰 𑘨𑘦𑘜𑘲𑘧 𑘪 𑘪𑘲𑘫𑘰𑘩 𑘪𑘡𑘨𑘰𑘕𑘲 𑘮𑘻𑘝𑘲 𑘦𑘝𑘽𑘐 𑘨𑘲𑘬𑘲𑘽𑘓𑘲 𑘢𑘝𑘿𑘡𑘲 𑘮𑘲 𑘀𑘝𑘿𑘧𑘽𑘝 𑘭𑘰𑘠𑘿𑘪𑘲 𑘪
𑘢𑘝𑘲𑘢𑘨𑘰𑘧𑘜 𑘮𑘻𑘝𑘲 𑘁𑘫𑘿𑘨𑘦𑘰𑘓𑘿𑘧𑘰 𑘁𑘭𑘦𑘽𑘝𑘰𑘝𑘩𑘹 𑘪𑘰𑘝𑘰𑘪𑘨𑘜 𑘀𑘝𑘲𑘫𑘧 𑘢𑘿𑘨𑘭𑘡𑘿𑘡 𑘪 𑘢𑘰𑘪𑘡 𑘀𑘭𑘹 𑘝𑘲
𑘙𑘹𑘪𑘲𑘝 𑘀𑘭𑘹 𑘁𑘫𑘿𑘨𑘦𑘰𑘝 𑘮𑘨𑘲𑘜𑘦𑘧𑘳𑘨𑘰𑘟𑘲 𑘭𑘳𑘽𑘟𑘨 𑘢𑘫𑘳𑘢𑘎𑘿𑘬𑘲 𑘢𑘰𑘯𑘩𑘹𑘩𑘹 𑘮𑘻𑘝𑘹 𑘭𑘎𑘰𑘯𑘓𑘿𑘧𑘰 𑘪𑘹𑘯𑘲
𑘢𑘰𑘏𑘨𑘰𑘽𑘡𑘰 𑘀𑘽𑘐𑘜𑘰𑘝 𑘡𑘲𑘪𑘰𑘨 𑘠𑘰𑘡𑘿𑘧 𑘘𑘰𑘎𑘝𑘰𑘡𑘰 𑘪 𑘮𑘨𑘜𑘰𑘽𑘡𑘰 𑘮𑘲𑘨𑘪𑘰 𑘓𑘰𑘨𑘰 𑘑𑘰𑘩𑘝𑘰𑘡𑘰 𑘨𑘲𑘬𑘲𑘢𑘝𑘿𑘡𑘲𑘭
𑘦𑘻𑘙𑘰 𑘁𑘡𑘽𑘟 𑘮𑘻𑘝 𑘀𑘭𑘹 𑘎𑘰𑘨𑘜 𑘝𑘲𑘓 𑘝𑘲𑘓𑘲 𑘩𑘚𑘲𑘪𑘰𑘯 𑘦𑘳𑘩𑘹𑘤𑘰𑘯𑘹 𑘮𑘻𑘝𑘲
𑘦𑘝𑘽𑘐 𑘨𑘲𑘬𑘲 𑘣𑘰𑘨 𑘞𑘻𑘨 𑘦𑘡𑘰𑘓𑘹 𑘮𑘻𑘝𑘹 𑘢𑘿𑘨𑘰𑘝𑘾𑘎𑘰𑘯𑘲 𑘡𑘟𑘲𑘪𑘨 𑘭𑘿𑘡𑘰𑘡 𑘎𑘨𑘳𑘡 𑘡𑘽𑘝𑘨 𑘝𑘹 𑘭𑘽𑘠𑘿𑘧𑘰"
folio_022.png,"𑘮𑘻𑘧 𑘦𑘮𑘰𑘨𑘰𑘕 𑘀𑘭𑘹 𑘦𑘿𑘮𑘜𑘳𑘡 𑘪𑘲𑘓𑘰𑘨 𑘎𑘨𑘲𑘝 𑘝𑘻 𑘦𑘡𑘳𑘬𑘿𑘧 𑘡𑘲𑘑𑘳𑘡 𑘐𑘹𑘩𑘰
𑘭𑘻𑘡𑘭𑘰𑘏𑘯𑘲 𑘐𑘳𑘨𑘰𑘏𑘲
𑘭𑘻𑘡𑘭𑘰𑘏𑘯𑘲 𑘭𑘻𑘡𑘭𑘰𑘏𑘯𑘲 𑘐𑘳𑘨𑘰𑘏𑘲 𑘭𑘰𑘮𑘲𑘝𑘿𑘧𑘲𑘎 𑘢𑘰𑘽𑘚𑘳𑘨𑘽𑘐 𑘭𑘟𑘰𑘫𑘲𑘪 𑘭𑘰𑘡𑘹 𑘭𑘻𑘡𑘭𑘰𑘏𑘯𑘲 𑘤𑘮𑘲𑘜𑘥𑘰𑘄
𑘭𑘻𑘡𑘭𑘰𑘏𑘯𑘲 𑘐𑘳𑘨𑘰𑘏𑘲
𑘭𑘻𑘡𑘭𑘰𑘏𑘯𑘲 𑘭𑘻𑘡𑘭𑘰𑘏𑘯𑘲 𑘐𑘳𑘨𑘰𑘏𑘲 𑘭𑘰𑘮𑘲𑘝𑘿𑘧𑘲𑘎 𑘢𑘰𑘽𑘚𑘳𑘨𑘽𑘐 𑘭𑘟𑘰𑘫𑘲𑘪 𑘭𑘰𑘡𑘹 𑘭𑘻𑘡𑘭𑘰𑘏𑘯𑘲 𑘤𑘮𑘲𑘜𑘥𑘰𑘄
𑘭𑘻𑘡𑘭𑘰𑘏𑘯𑘲 𑘭𑘻𑘡𑘭𑘰𑘏𑘯𑘲 𑘐𑘳𑘨𑘰𑘏𑘲 𑘭𑘰𑘮𑘲𑘝𑘿𑘧𑘲𑘎 𑘢𑘰𑘽𑘚𑘳𑘨𑘽𑘐 𑘭𑘟𑘰𑘫𑘲𑘪 𑘭𑘰𑘡𑘹 𑘭𑘻𑘡𑘭𑘰𑘏𑘯𑘲 𑘤𑘮𑘲𑘜𑘥𑘰𑘄
𑘭𑘻𑘡𑘭𑘰𑘏𑘯𑘲 𑘭𑘻𑘡𑘭𑘰𑘏𑘯𑘲 𑘐𑘳𑘨𑘰𑘏𑘲 𑘭𑘰𑘮𑘲𑘝𑘿𑘧𑘲𑘎 𑘢𑘰𑘽𑘚𑘳𑘨𑘽𑘐 𑘭𑘟𑘰𑘫𑘲𑘪 𑘭𑘰𑘡𑘹 𑘭𑘻𑘡𑘭𑘰𑘏𑘯𑘲 𑘤𑘮𑘲𑘜𑘥𑘰𑘄"
folio_023.png,"𑘤𑘰𑘯𑘎 𑘪𑘲𑘡𑘪𑘲 𑘝𑘧𑘰𑘭𑘲 𑙁 𑘡 𑘠𑘨𑘲 𑘩𑘲𑘽𑘐 𑘢𑘨𑘲𑘧𑘹𑘭𑘲 𑙁 𑘦𑘲 𑘤𑘿𑘨𑘮𑘿𑘦𑘓𑘰𑘨𑘲 𑘀𑘨𑘜𑘿𑘧𑘪𑘰𑘭𑘲 𑙁 𑘄𑘢𑘟𑘿𑘨𑘪𑘳
𑘡𑘎𑘻 𑘦𑘿𑘮𑘜𑘝𑘭𑘹 𑙂𑙗𑙒𑙂
𑘝𑘪 𑘩𑘲𑘽𑘐 𑘀𑘭𑘹 𑘕𑘚 𑙁 𑘦𑘲 𑘢𑘜 𑘤𑘰𑘯 𑘀𑘭𑘹 𑘪𑘹𑘚 𑙁 𑘡 𑘑𑘹 𑘩𑘲𑘽𑘐 𑘕𑘰𑘄 𑘟𑘹 𑘭𑘻𑘚 𑙁 𑘠𑘨𑘿𑘦 𑘑𑘚𑘹𑘩 𑘝𑘳𑘕𑘩𑘰𑘐𑘲
𑙂𑙗𑙓𑙂
𑘡𑘰𑘡𑘰𑘢𑘨𑘲 𑘭𑘽𑘤𑘻𑘠𑘲𑘝 𑙁 𑘩𑘲𑘽𑘐 𑘟𑘹𑘝 𑘩𑘽𑘎𑘰𑘡𑘰𑘞 𑙁 𑘭𑘽𑘠𑘿𑘧𑘰 𑘎𑘨𑘰𑘪𑘧𑘰 𑘁𑘢𑘜 𑘝𑘿𑘪𑘨𑘲𑘝 𑙁 𑘭𑘦𑘳𑘟𑘿𑘨𑘝𑘲𑘨𑘲
𑘤𑘺𑘭𑘩𑘰 𑙂𑙗𑙔𑙂
𑘤𑘿𑘨𑘮𑘿𑘦𑘓𑘰𑘨𑘲 𑘝𑘧𑘰𑘭𑘲 𑙁 𑘄𑘥𑘰 𑘪𑘲𑘡𑘪𑘲𑘝𑘭𑘹 𑘨𑘰𑘪𑘜𑘰𑘭𑘲 𑙁 𑘕𑘚 𑘖𑘰𑘩𑘲𑘧𑘰 𑘁𑘢𑘜𑘰𑘭𑘲 𑙁 𑘙𑘹𑘪𑘲𑘡 𑘝𑘿𑘪𑘨𑘲𑘝"
folio_024.png,"𑘎𑘭𑘩𑘿𑘧𑘰 𑘨𑘹 𑘨𑘻𑘕 𑘄𑘙𑘳𑘡 𑘐𑘻𑘬𑘿𑘘𑘲 𑘋𑘎𑘝𑘰 𑘨𑘻𑘕 𑘝𑘳𑘖𑘲 𑘑𑘰𑘃 𑘕𑘰 𑘄𑘢𑘰𑘫𑘲𑘓 𑘡𑘰𑘮𑘲𑘝𑘨 𑘁𑘩𑘿𑘧𑘰𑘪𑘨
𑘥𑘰𑘎𑘨 𑘏𑘰 𑘤𑘰𑘨𑘎𑘳𑘓𑘲 𑘁𑘃 𑘦𑘿𑘮𑘜𑘰𑘩𑘲
𑘤𑘰𑘨𑘎𑘳 𑘏𑘨𑘽𑘓 𑘡𑘲𑘑𑘰𑘩𑘰 𑘝𑘿𑘧𑘰𑘩𑘰 𑘝𑘿𑘧𑘰 𑘥𑘰𑘎𑘨𑘲𑘢𑘹𑘎𑘿𑘬𑘰 𑘐𑘻𑘬𑘿𑘘𑘲𑘓 𑘁𑘪𑘚𑘝 𑘝𑘿𑘧𑘰𑘓𑘿𑘧𑘰 𑘢𑘻𑘘𑘰𑘩𑘰 𑘥𑘰𑘎𑘨
𑘢𑘰𑘮𑘲𑘕𑘹 𑘮𑘻𑘝𑘲 𑘢𑘨𑘽𑘝𑘳 𑘝𑘿𑘧𑘰𑘓𑘿𑘧𑘰 𑘮𑘿𑘨𑘲𑘟𑘧𑘰𑘩𑘰 𑘫𑘿𑘧𑘰𑘦𑘓𑘿𑘧𑘰 𑘐𑘻𑘬𑘿𑘘𑘲𑘓 𑘢𑘰𑘮𑘲𑘕𑘹 𑘮𑘻𑘝𑘿𑘧𑘰
𑘤𑘰𑘨𑘎𑘳 𑘪 𑘫𑘲𑘪𑘰 𑘕𑘩𑘟𑘲𑘡𑘹 𑘡𑘲𑘑𑘰𑘩𑘹 𑘪𑘰𑘘𑘹𑘝 𑘙𑘹𑘓 𑘩𑘰𑘐𑘩𑘲 𑘝𑘨𑘲 𑘝𑘿𑘧𑘰𑘓𑘹 𑘫𑘲𑘪𑘰𑘩𑘰 𑘥𑘰𑘡 𑘡𑘪𑘿𑘮𑘝𑘹
𑘤𑘻𑘩𑘻 𑘤𑘡𑘿𑘭𑘨𑘲𑘠𑘨𑘲𑘡𑘳 𑘕𑘧𑘕𑘧𑘎𑘰𑘨 𑘫𑘿𑘧𑘰𑘦𑘭𑘳𑘽𑘟𑘨 𑘮𑘨𑘲𑘡𑘳 𑘕𑘧𑘕𑘧𑘎𑘰𑘨 𑘀𑘫𑘲 𑘁𑘫𑘿𑘨𑘦𑘰𑘝𑘲𑘩
𑘥𑘕𑘡𑘰𑘓𑘲 𑘠𑘳𑘡 𑘋𑘎𑘳 𑘧𑘹𑘝 𑘮𑘻𑘝𑘲 𑘤𑘰𑘨𑘎𑘳 𑘪 𑘫𑘲𑘪𑘰 𑘁𑘩𑘹 𑘝𑘻 𑘫𑘹𑘪𑘘𑘓𑘹 𑘭𑘦𑘰𑘢𑘿𑘝𑘲𑘓𑘹 𑘫𑘿𑘩𑘻𑘎 𑘦𑘿𑘮𑘘𑘩𑘹 𑘕𑘰𑘝"
folio_025.png,"𑘫𑘹𑘪𑘘𑘲 𑘁𑘦𑘓𑘿𑘧𑘰𑘪𑘨 𑘦𑘰𑘨𑘪𑘰𑘚𑘿𑘧𑘰𑘡𑘹 𑘣𑘲𑘨𑘿𑘧𑘰𑘟 𑘎𑘨𑘜𑘿𑘧𑘰𑘓𑘹 𑘙𑘨𑘪𑘲𑘩𑘹 𑘎𑘻𑘨𑘿𑘘𑘰𑘝 𑘣𑘲𑘨𑘿𑘧𑘰𑘟 𑘟𑘰𑘏𑘩
𑘖𑘰𑘩𑘲 𑘪𑘿𑘧𑘰𑘕 𑘪 𑘦𑘳𑘟𑘿𑘟𑘩 𑘦𑘲𑘯𑘳𑘡 𑘓𑘰𑘨 𑘮𑘕𑘰𑘨𑘰𑘽𑘓𑘲 𑘝𑘿𑘧𑘰𑘡𑘹 𑘣𑘲𑘨𑘿𑘧𑘰𑘟 𑘟𑘲𑘩𑘲 𑘟𑘰𑘪𑘰 𑘭𑘳𑘨𑘳 𑘖𑘰𑘩𑘰
𑘎𑘻𑘨𑘿𑘘𑘰𑘝 𑘭𑘰𑘪𑘎𑘰𑘨𑘰𑘓𑘹 𑘟𑘹𑘜𑘹 𑘧𑘻𑘐𑘿𑘧 𑘙𑘨𑘩𑘹 𑘪 𑘭𑘰𑘨𑘲 𑘮𑘻𑘝𑘲 𑘡𑘪𑘿𑘮𑘝𑘲 𑘝𑘲 𑘦𑘲𑘯𑘎𑘝 𑘕𑘢𑘿𑘝 𑘎𑘨𑘳𑘡
𑘝𑘲𑘓𑘰 𑘩𑘲𑘩𑘰𑘪 𑘪𑘿𑘮𑘰𑘪𑘰 𑘀𑘭𑘰 𑘡𑘲𑘎𑘰𑘩 𑘟𑘹𑘜𑘿𑘧𑘰𑘝 𑘁𑘩𑘰
𑘝𑘿𑘧𑘰 𑘟𑘲𑘪𑘫𑘲 𑘐𑘰𑘪𑘰𑘝 𑘟𑘪𑘽𑘚𑘲 𑘢𑘲𑘘𑘩𑘲 𑘕𑘰𑘜𑘰𑘨 𑘮𑘻𑘝𑘲 𑘁𑘃𑘩𑘰 𑘟𑘻𑘡 𑘟𑘲𑘪𑘭 𑘊𑘎 𑘑𑘰𑘭𑘮𑘲 𑘐𑘹𑘩𑘰
𑘡𑘰𑘮𑘲 𑘚𑘻𑘯𑘿𑘧𑘰𑘩𑘰 𑘚𑘻𑘯𑘰 𑘩𑘰𑘐𑘩𑘰 𑘡𑘰𑘮𑘲 𑘁𑘃 𑘕𑘐𑘟𑘽𑘤𑘹 𑘫𑘹𑘪𑘘𑘲 𑘧𑘰 𑘚𑘻𑘯𑘿𑘧𑘰𑘽𑘟𑘹𑘏𑘝 𑘀𑘤𑘿𑘨𑘳𑘓𑘹
𑘠𑘲𑘽𑘚𑘪𑘚𑘹 𑘮𑘻𑘜𑘰𑘨 𑘡𑘰 𑘧𑘰 𑘎𑘰𑘡𑘰𑘽𑘡𑘲 𑘝𑘲 𑘟𑘳𑘬𑘿𑘘 𑘟𑘪𑘽𑘚𑘲 𑘋𑘎𑘰𑘪𑘧𑘰𑘓𑘲 𑘦𑘰𑘖𑘹 𑘢𑘿𑘨𑘰𑘜 𑘡𑘹 𑘡𑘰 𑘐 𑘁𑘃"
folio_026.png,"𑘫𑘿𑘧𑘰𑘦𑘓𑘲 𑘁𑘃 𑘨𑘰𑘝𑘿𑘨 𑘡𑘪𑘪𑘲
𑘫𑘿𑘧𑘰𑘦𑘓𑘲 𑘁𑘃 𑘨𑘰𑘝𑘿𑘨 𑘁𑘙𑘪𑘲 𑙑𑙙𑙓𑙖
𑘎𑘿𑘬𑘦𑘹𑘪𑘲𑘬𑘧𑘲 𑘢𑘿𑘨𑘰𑘨𑘿𑘞𑘡𑘰
𑘤𑘰𑘮𑘹𑘨 𑘢𑘲𑘙𑘳𑘨 𑘓𑘰𑘽𑘟𑘜𑘹 𑘢𑘚𑘩𑘹 𑘮𑘻𑘝𑘹 𑘦𑘽𑘟𑘲𑘨𑘰𑘓𑘿𑘧𑘰 𑘐𑘓𑘿𑘓𑘲𑘪𑘨 𑘭𑘰𑘨𑘲 𑘦𑘽𑘚𑘯𑘲 𑘤𑘭𑘩𑘲 𑘮𑘻𑘝𑘲 𑘟𑘳𑘨𑘓𑘰
𑘡𑘟𑘲𑘢𑘿𑘨𑘪𑘰𑘮 𑘓𑘰𑘽𑘟𑘲𑘓𑘿𑘧𑘰 𑘢𑘿𑘨𑘪𑘰𑘮𑘰𑘭𑘰𑘨𑘏𑘰 𑘟𑘲𑘭𑘝 𑘮𑘻𑘝𑘰 𑘡𑘟𑘲𑘩𑘰 𑘪𑘲𑘫𑘿𑘨𑘰𑘽𑘝𑘲 𑘦𑘰𑘮𑘲𑘝𑘓 𑘡𑘰𑘮𑘲
𑘭𑘰𑘨𑘏𑘹 𑘪𑘰𑘮𑘜𑘹 𑘝𑘲𑘩𑘰 𑘦𑘰𑘮𑘲𑘝 𑘝𑘲𑘓𑘲 𑘢𑘿𑘨𑘰𑘨𑘿𑘞𑘡𑘰 𑘎𑘨𑘿𑘦𑘦𑘧 𑘢𑘿𑘨𑘰𑘨𑘿𑘞𑘡𑘰 𑘭𑘰𑘨𑘏𑘲 𑘓𑘻𑘪𑘲𑘭 𑘝𑘰𑘭
𑘭𑘳𑘨𑘳 𑘀𑘭𑘝𑘹 𑘎𑘨𑘿𑘦 𑘎𑘨𑘲𑘝 𑘀𑘭𑘝𑘰𑘡𑘰 𑘝𑘲 𑘎𑘠𑘲 𑘐𑘰𑘜𑘲 𑘐𑘳𑘜𑘐𑘳𑘜𑘝𑘹 𑘎𑘠𑘲 𑘮𑘭𑘝𑘹 𑘏𑘹𑘯𑘝𑘹 𑘎𑘠𑘲 𑘐𑘽𑘥𑘲𑘨"
folio_027.png,"𑘫𑘿𑘧𑘰𑘦𑘓𑘲 𑘁𑘃 𑘨𑘰𑘝𑘿𑘨 𑘀𑘎𑘨𑘰𑘪𑘲 𑙑𑙙𑙓𑙖 𑘭𑘰𑘮𑘲𑘝𑘿𑘧𑘲𑘎 𑘢𑘰𑘽𑘚𑘳𑘨𑘽𑘐 𑘭𑘟𑘰𑘫𑘲𑘪 𑘭𑘰𑘡𑘹
𑘫𑘿𑘧𑘰𑘦𑘓𑘲 𑘁𑘃 𑘨𑘰𑘝𑘿𑘨 𑘤𑘰𑘨𑘰𑘪𑘲
𑘫𑘿𑘧𑘰𑘦𑘓𑘲 𑘁𑘃 𑘨𑘰𑘝𑘿𑘨 𑘀𑘎𑘨𑘰𑘪𑘲 𑙑𑙙𑙓𑙖
𑘥𑘳𑘝𑘟𑘧𑘰
𑘨𑘰𑘦 𑘝𑘻 𑘟𑘲𑘪𑘰 𑘤𑘰𑘕𑘳𑘩𑘰 𑘎𑘨 𑘦𑘰𑘖𑘿𑘧𑘰 𑘚𑘻𑘯𑘧𑘰𑘽𑘪𑘨 𑘄𑘕𑘹𑘚 𑘡𑘎𑘻 𑘫𑘿𑘧𑘰𑘦 𑘦𑘿𑘮𑘜𑘰𑘩𑘰
𑘁𑘕 𑘤𑘰𑘮𑘹𑘨 𑘕𑘨𑘰 𑘢𑘰𑘄𑘭 𑘢𑘚𑘝 𑘮𑘻𑘝𑘰 𑘐𑘰𑘨 𑘪𑘰𑘨𑘰 𑘪𑘰𑘮𑘝 𑘮𑘻𑘝𑘰 𑘦𑘿𑘮𑘜𑘳𑘡 𑘦𑘽𑘚𑘯𑘲 𑘁𑘝𑘓 𑘤𑘭𑘩𑘲
𑘮𑘻𑘝𑘲 𑘨𑘻𑘕 𑘁𑘎𑘰𑘫𑘰𑘓𑘿𑘧𑘰 𑘏𑘰𑘩𑘲𑘓 𑘢𑘿𑘨𑘰𑘨𑘿𑘞𑘡𑘰 𑘪 𑘮𑘹 𑘎𑘞𑘰𑘢𑘿𑘨𑘪𑘓𑘡 𑘮𑘻𑘃 𑘫𑘿𑘧𑘰𑘦𑘩𑘰 𑘟𑘲𑘪𑘿𑘧𑘰𑘓𑘰"
folio_028.png,"𑘨𑘰𑘝𑘿𑘨 𑘭𑘟𑘝𑘲𑘭𑘰𑘪𑘲 𑘀𑘤𑘿𑘨𑘳𑘓𑘹 𑘠𑘲𑘽𑘚𑘪𑘚𑘹
𑘫𑘿𑘧𑘰𑘦𑘡𑘹 𑘁𑘨𑘽𑘥 𑘎𑘹𑘩𑘰
𑘫𑘹𑘪𑘘𑘲 𑘁𑘦𑘓𑘿𑘧𑘰𑘪𑘨 𑘦𑘰𑘨𑘪𑘰𑘚𑘿𑘧𑘰𑘡𑘹 𑘣𑘲𑘨𑘿𑘧𑘰𑘟 𑘎𑘨𑘜𑘿𑘧𑘰𑘓𑘹 𑘙𑘨𑘪𑘲𑘩𑘹 𑘎𑘻𑘨𑘿𑘘𑘰𑘝 𑘣𑘲𑘨𑘿𑘧𑘰𑘟 𑘟𑘰𑘏𑘩
𑘖𑘰𑘩𑘲 𑘪𑘿𑘧𑘰𑘕 𑘪 𑘦𑘳𑘟𑘿𑘟𑘩 𑘦𑘲𑘯𑘳𑘡 𑘓𑘰𑘨 𑘮𑘕𑘰𑘨𑘰𑘽𑘓𑘲 𑘝𑘿𑘧𑘰𑘡𑘹 𑘣𑘲𑘨𑘿𑘧𑘰𑘟 𑘟𑘲𑘩𑘲 𑘟𑘰𑘪𑘰 𑘭𑘳𑘨𑘳 𑘖𑘰𑘩𑘰
𑘎𑘻𑘨𑘿𑘘𑘰𑘝 𑘭𑘰𑘪𑘎𑘰𑘨𑘰𑘓𑘹 𑘟𑘹𑘜𑘹 𑘧𑘻𑘐𑘿𑘧 𑘙𑘨𑘩𑘹 𑘪 𑘭𑘰𑘨𑘲 𑘮𑘻𑘝𑘲 𑘡𑘪𑘿𑘮𑘝𑘲 𑘝𑘲 𑘦𑘲𑘯𑘎𑘝 𑘕𑘢𑘿𑘝 𑘎𑘨𑘳𑘡
𑘝𑘲𑘓𑘰 𑘩𑘲𑘩𑘰𑘪 𑘪𑘿𑘮𑘰𑘪𑘰 𑘀𑘭𑘰 𑘡𑘲𑘎𑘰𑘩 𑘟𑘹𑘜𑘿𑘧𑘰𑘝 𑘁𑘩𑘰
𑘝𑘿𑘧𑘰 𑘟𑘲𑘪𑘫𑘲 𑘐𑘰𑘪𑘰𑘝 𑘟𑘪𑘽𑘚𑘲 𑘢𑘲𑘘𑘩𑘲 𑘕𑘰𑘜𑘰𑘨 𑘮𑘻𑘝𑘲 𑘁𑘃𑘩𑘰 𑘟𑘻𑘡 𑘟𑘲𑘪𑘭 𑘊𑘎 𑘑𑘰𑘭𑘮𑘲 𑘐𑘹𑘩𑘰"
folio_029.png,"𑘨𑘰𑘝𑘿𑘨 𑘊𑘎𑘻𑘜𑘓𑘰𑘯𑘲𑘭𑘰𑘪𑘲
𑘫𑘿𑘧𑘰𑘦𑘓𑘲 𑘁𑘃 𑘨𑘰𑘝𑘿𑘨 𑘓𑘰𑘯𑘲𑘭𑘰𑘪𑘲 𑙑𑙙𑙓𑙖 𑘭𑘰𑘮𑘲𑘝𑘿𑘧𑘲𑘎 𑘢𑘰𑘽𑘚𑘳𑘨𑘽𑘐 𑘭𑘟𑘰𑘫𑘲𑘪 𑘭𑘰𑘡𑘹
𑘨𑘰𑘝𑘿𑘨 𑘊𑘎𑘹𑘓𑘰𑘯𑘲𑘭𑘰𑘪𑘲
𑘫𑘿𑘧𑘰𑘦𑘓𑘲 𑘁𑘃 𑘨𑘰𑘝𑘿𑘨 𑘓𑘰𑘯𑘲𑘭𑘰𑘪𑘲 𑙑𑙙𑙓𑙖
𑘨𑘰𑘝𑘿𑘨 𑘓𑘰𑘯𑘲𑘭𑘰𑘪𑘲 𑘫𑘹𑘪𑘘𑘓𑘲 𑘡𑘲𑘨𑘪𑘰𑘡𑘲𑘨𑘪
𑘝𑘿𑘧𑘰 𑘩𑘲𑘽𑘤𑘰𑘩𑘰 𑘢𑘰𑘜𑘲 𑘑𑘰𑘩𑘰 𑘨𑘹 𑘭𑘳𑘎𑘳𑘡 𑘕𑘰𑘃𑘩 𑘡𑘰𑘮𑘲 𑘝𑘨 𑘝𑘿𑘧𑘰 𑘡𑘪𑘲𑘡 𑘣𑘜𑘭𑘰𑘓𑘿𑘧𑘰 𑘦𑘰𑘚𑘰𑘩𑘰𑘮𑘲
𑘑𑘰𑘩𑘰 𑘁𑘃 𑘪𑘰𑘝𑘰𑘝 𑘤𑘻𑘩𑘝 𑘮𑘻𑘝𑘲 𑘝𑘿𑘧𑘰 𑘪𑘰𑘝𑘰𑘝 𑘝𑘲𑘡𑘹 𑘭𑘿𑘪𑘝𑘾𑘓𑘿𑘧𑘰 𑘮𑘰𑘝𑘰𑘡𑘹 𑘡𑘪𑘲𑘡 𑘩𑘰𑘪𑘩𑘹𑘩𑘲 𑘖𑘰𑘚𑘹 𑘝𑘲"
folio_030.png,"𑘝𑘲 𑘦𑘿𑘮𑘜𑘰𑘩𑘲 𑘐𑘰𑘪𑘰𑘤𑘰𑘮𑘹𑘨 𑘕𑘰𑘄𑘡 𑘟𑘻𑘡 𑘎𑘻𑘭𑘰𑘽𑘪𑘨 𑘤𑘭𑘳𑘡 𑘨𑘰𑘮𑘰 𑘓𑘲𑘽𑘝𑘰 𑘡𑘎𑘻 𑘎𑘨𑘳𑘭
𑘨𑘰𑘕𑘢𑘳𑘝𑘿𑘨 𑘢𑘰𑘧𑘲 𑘡𑘲𑘑𑘰𑘩𑘰 𑘪 𑘕𑘰𑘄𑘡 𑘤𑘭𑘩𑘰 𑘤𑘮𑘲𑘜 𑘑𑘨𑘰𑘝𑘳𑘡 𑘤𑘰𑘮𑘹𑘨 𑘢𑘚𑘩𑘲 𑘁𑘜𑘲
𑘫𑘮𑘨𑘰𑘤𑘰𑘮𑘹𑘨 𑘢𑘚𑘩𑘿𑘧𑘰𑘪𑘨𑘝𑘲 𑘮𑘨𑘲𑘜𑘲 𑘤𑘡𑘩𑘲 𑘪𑘰𑘬𑘿𑘧𑘰𑘢𑘿𑘨𑘦𑘰𑘜𑘹 𑘝𑘲 𑘢𑘯𑘝 𑘭𑘳𑘘𑘩𑘲 𑘀𑘽𑘠𑘰𑘬𑘿𑘧𑘰
𑘟𑘨𑘲𑘝𑘲𑘩 𑘢𑘰𑘽𑘛𑘨𑘲 𑘣𑘳𑘩𑘹 𑘝𑘲𑘡𑘹 𑘝𑘻𑘚𑘩𑘲 𑘝𑘲 𑘣𑘳𑘩𑘹 𑘟𑘰𑘝𑘰𑘝 𑘠𑘨𑘳𑘡 𑘭𑘳𑘨𑘿𑘧𑘻𑘟𑘧𑘰𑘓𑘿𑘧𑘰 𑘁𑘝 𑘝𑘲 𑘁𑘩𑘲
𑘢𑘳𑘡𑘿𑘮𑘰 𑘤𑘮𑘲𑘜 𑘤𑘡𑘳𑘡 𑘨𑘰𑘕𑘢𑘳𑘝𑘿𑘨𑘰𑘕𑘪𑘯 𑘝𑘲 𑘣𑘳𑘩𑘹 𑘟𑘹𑘄𑘡 𑘝𑘲 𑘦𑘿𑘮𑘜𑘰𑘩𑘲
𑘕𑘰 𑘨𑘰𑘕𑘰𑘩𑘰 𑘮𑘲 𑘡𑘹𑘄𑘡 𑘟𑘹
𑘨𑘰𑘕𑘢𑘳𑘝𑘿𑘨𑘰𑘡𑘹 𑘝𑘰𑘬𑘿𑘧𑘰𑘢𑘿𑘨𑘦𑘰𑘜𑘹 𑘓𑘦𑘎𑘜𑘰𑘨𑘲 𑘣𑘳𑘩𑘹 𑘨𑘰𑘕𑘰𑘩𑘰 𑘡𑘹𑘄𑘡 𑘟𑘲𑘩𑘲 𑘡𑘲𑘨𑘻𑘢 𑘑𑘹𑘄𑘡 𑘝𑘻"
folio_031.png,"𑘧𑘰𑘎𑘰𑘨𑘜𑘹𑘽 𑘝𑘧𑘰 𑘭𑘿𑘞𑘰𑘡𑘲𑘽 𑙁 𑘢𑘿𑘨𑘐𑘘𑘩𑘹 𑘐𑘳𑘨𑘳𑘦𑘳𑘡𑘲 𑙁 𑘭𑘰𑘽𑘐𑘹𑘡 𑘝𑘳𑘕 𑘪𑘲𑘭𑘿𑘝𑘰𑘨𑘳𑘡𑘲 𑙁 𑘊𑘎𑘓𑘲𑘝𑘿𑘝𑘹𑘽
𑘢𑘨𑘲𑘧𑘹𑘭𑘰 𑙂𑙑𑙕𑙂
𑘎𑘨𑘪𑘲𑘨𑘎𑘿𑘬𑘹𑘝𑘿𑘨 𑘡𑘐𑘨𑘰𑘽𑘝 𑙁 𑘤𑘿𑘨𑘰𑘮𑘿𑘦𑘜 𑘊𑘎 𑘪𑘹𑘟𑘨𑘝 𑙁 𑘫𑘰𑘭𑘿𑘝𑘿𑘨𑘢𑘳𑘨𑘰𑘜 𑘪𑘲𑘏𑘿𑘧𑘰𑘝 𑙁 𑘭𑘰𑘽𑘐𑘹 𑘭𑘎𑘯
𑘪𑘲𑘟𑘿𑘪𑘕𑘿𑘕𑘡𑘰𑘽 𑙂𑙑𑙖𑙂
𑘀𑘐𑘿𑘨𑘪𑘹𑘟𑘲 𑘀𑘭𑘹 𑘁𑘢𑘜 𑙁 𑘕𑘰𑘜𑘹 𑘝𑘨𑘿𑘎 𑘪𑘿𑘧𑘰𑘎𑘨𑘜 𑙁 𑘁𑘡𑘿𑘮𑘲𑘎𑘢𑘿𑘨𑘦𑘰𑘜 𑘁𑘓𑘨𑘜 𑙁
𑘎𑘨𑘿𑘦𑘦𑘰𑘨𑘿𑘐𑘲 𑘨𑘝 𑘮𑘻𑘝𑘰 𑙂𑙑𑙗𑙂
𑘝𑘿𑘧𑘰𑘭𑘲 𑘕𑘰𑘮𑘩𑘰 𑘊𑘎 𑘭𑘳𑘝 𑙁 𑘦𑘳𑘨𑘿𑘏 𑘀𑘭𑘹 𑘄𑘢𑘕𑘝 𑙁 𑘟𑘺𑘪𑘪𑘫𑘹𑘽 𑘦𑘰𑘝𑘰𑘢𑘲𑘝𑘰 𑘦𑘿𑘨𑘲𑘝 𑙁 𑘀𑘭𑘦𑘰𑘠𑘰𑘡"
folio_032.png,"𑘥𑘺𑘨𑘪𑘲 𑘐𑘳𑘨𑘿𑘕𑘨𑘲𑘭𑘮𑘲𑘝 𑙁 𑘪𑘹𑘯𑘰𑘪𑘩𑘲 𑘨𑘰𑘐 𑘩𑘩𑘲𑘝 𑙁 𑘎𑘨𑘿𑘡𑘰𑘘𑘎𑘲 𑘮𑘽𑘭𑘧𑘳𑘎𑘿𑘝 𑙁 𑘐𑘰𑘧𑘡 𑘎𑘨𑘲
𑘟𑘫𑘫𑘲𑘨 𑙂𑙖𑙗𑙂
𑘝𑘿𑘨𑘰𑘘𑘎𑘲 𑘦𑘻𑘘𑘎𑘲 𑘟𑘹𑘏𑘰 𑙁 𑘘𑘽𑘎𑘰𑘎𑘿𑘬𑘲 𑘭𑘳𑘠𑘰 𑘡𑘰𑘘𑘎𑘰 𑙁 𑘭𑘺𑘠𑘪𑘰 𑘦𑘰𑘯𑘰𑘎𑘲 𑘋𑘎𑘰 𑙁 𑘐𑘰𑘧𑘡 𑘎𑘨𑘲
𑘩𑘽𑘎𑘰𑘡𑘰𑘞 𑙂𑙖𑙘𑙂
𑘤𑘽𑘐𑘰𑘩𑘲 𑘨𑘰𑘐 𑘭𑘻𑘨𑘘𑘲𑘭𑘲 𑙁 𑘎𑘰𑘦𑘤𑘻𑘠 𑘦𑘠𑘳𑘦𑘰𑘠𑘪𑘲𑘭𑘲 𑙁 𑘟𑘹𑘪𑘰𑘎𑘿𑘨𑘲𑘧𑘰 𑘥𑘳𑘢𑘰𑘯𑘲𑘭𑘲 𑙁 𑘐𑘰𑘧𑘡 𑘎𑘨𑘲
𑘟𑘫𑘰𑘡𑘡 𑙂𑙖𑙙𑙂
𑘨𑘰𑘐𑘪𑘩𑘿𑘩𑘥 𑘦𑘰𑘠𑘳𑘨𑘲𑘭𑘲 𑙁 𑘨𑘰𑘪𑘿𑘮𑘹𑘨𑘲 𑘨𑘰𑘐 𑘮𑘨𑘿𑘬𑘲 𑙁 𑘪𑘲𑘮𑘽𑘐𑘟𑘰𑘝𑘿𑘨𑘲 𑘓𑘽𑘚𑘲𑘭𑘲 𑙁 𑘪𑘭𑘪𑘲𑘕𑘰𑘟𑘲"
folio_033.png,"𑘤𑘰𑘯𑘳𑘡𑘹𑘮𑘲 𑘄𑘚𑘲 𑘑𑘹𑘝𑘩𑘲 𑘪 𑘝𑘿𑘧𑘰𑘡𑘹 𑘦𑘩𑘰 𑘠𑘨𑘲𑘩𑘹 𑘦𑘰𑘖𑘿𑘧𑘰 𑘢𑘻𑘘𑘰𑘏𑘰𑘩𑘲 𑘮𑘰𑘝 𑘑𑘰𑘩𑘳𑘡 𑘝𑘻 𑘦𑘩𑘰 𑘫𑘲𑘎𑘪𑘳
𑘩𑘰𑘐𑘩𑘰
𑘑𑘰𑘤𑘨𑘳 𑘡𑘎𑘻𑘭 𑘑𑘰𑘤𑘨𑘩𑘰𑘭 𑘦𑘿𑘮𑘜𑘕𑘹 𑘩𑘼𑘎𑘨 𑘟𑘦 𑘩𑘰𑘐𑘝𑘻 𑘊𑘎𑘟𑘦 𑘎𑘚𑘹𑘩𑘰 𑘠𑘨𑘰𑘪𑘧𑘰𑘩𑘰 𑘡𑘎𑘻 𑘤𑘑𑘳
𑘁𑘜𑘲 𑘀𑘐𑘟𑘲 𑘕𑘪𑘯 𑘐𑘹𑘩𑘿𑘧𑘰𑘫𑘲𑘪𑘰𑘧 𑘎𑘚𑘰 𑘠𑘨𑘳 𑘡𑘧𑘹 𑘤𑘰𑘯𑘳 𑘪𑘭𑘿𑘝𑘳𑘢𑘰𑘙 𑘟𑘹𑘝 𑘮𑘻𑘝𑘰
𑘁𑘝𑘰 𑘣𑘲𑘨𑘳𑘡 𑘄𑘚𑘲 𑘦𑘰𑘨 𑘓𑘛 𑘪𑘨 𑘤𑘡𑘿𑘧𑘰 𑘦𑘿𑘮𑘜𑘰𑘩𑘰
𑘦𑘲 𑘢𑘰𑘧 𑘧𑘰 𑘓𑘛𑘳𑘡 𑘪𑘨 𑘁𑘩𑘻 𑘡𑘰𑘎 𑘠𑘨𑘲𑘩𑘹 𑘢𑘳𑘛𑘹 𑘦𑘰𑘐𑘹 𑘎𑘨𑘲𑘝 𑘮𑘻𑘝𑘻 𑘢𑘨𑘽𑘝𑘳 𑘫𑘹𑘪𑘘𑘲 𑘘𑘰𑘎𑘩𑘲
𑘊𑘎𑘟𑘰𑘓𑘲 𑘄𑘚𑘲"
folio_034.png,"𑘦𑘲 𑘎𑘰 𑘢𑘰𑘢𑘲 𑘁𑘮𑘹
𑘢𑘰𑘢𑘲 𑘡𑘭𑘝𑘲𑘭 𑘝𑘨 𑘢𑘻𑘨𑘎𑘲 𑘎𑘫𑘰𑘩𑘰 𑘮𑘻𑘝𑘲𑘭
𑘃𑘫𑘿𑘪𑘨𑘰𑘪𑘨 𑘕𑘿𑘧𑘰𑘓𑘲 𑘫𑘿𑘨𑘟𑘿𑘠𑘰 𑘁𑘮𑘹 𑘝𑘻 𑘎𑘠𑘲 𑘢𑘻𑘨𑘎𑘰 𑘮𑘻𑘝 𑘡𑘰𑘮𑘲 𑘕𑘐𑘰𑘝𑘩𑘹 𑘁𑘃𑘤𑘰𑘢 𑘐𑘹𑘩𑘹 𑘝𑘨𑘲 𑘝𑘻
𑘦𑘰𑘧𑘤𑘰𑘢 𑘭𑘟𑘺𑘪 𑘁𑘮𑘹𑘓
𑘎𑘨𑘳𑘜𑘹 𑘝𑘳𑘖𑘹 𑘤𑘻𑘩𑘜𑘹 𑘞𑘻𑘨𑘰𑘦𑘻𑘙𑘿𑘧𑘰𑘽𑘭𑘮𑘲 𑘩𑘰𑘕𑘪𑘲𑘩
𑘎𑘨𑘳𑘜𑘰 𑘝𑘿𑘧𑘰 𑘦𑘳𑘩𑘲𑘓𑘹 𑘡𑘰𑘪 𑘎𑘲𑘝𑘲 𑘐𑘻𑘚 𑘡𑘰𑘪 𑘏𑘨𑘻𑘏𑘨𑘲𑘓 𑘝𑘲 𑘦𑘳𑘨𑘿𑘝𑘲𑘦𑘽𑘝 𑘎𑘨𑘳𑘜𑘰 𑘮𑘻𑘝𑘲 𑘝𑘲 𑘐𑘰𑘧𑘲𑘐𑘳𑘨𑘰𑘽𑘡𑘰
𑘦𑘰𑘨𑘲𑘝 𑘡𑘭𑘹 𑘢𑘰𑘏𑘨𑘰𑘭 𑘟𑘰𑘜𑘹 𑘘𑘰𑘎𑘲𑘩 𑘦𑘰𑘽𑘕𑘨𑘰𑘭 𑘟𑘮𑘲𑘥𑘰𑘝 𑘑𑘰𑘩𑘲𑘩 𑘎𑘨𑘳𑘜𑘰 𑘭𑘨𑘿𑘪𑘰𑘽𑘓𑘲 𑘎𑘨𑘳𑘜𑘰 𑘎𑘨𑘲"
folio_035.png,"𑘦𑘲 𑘌𑘪𑘿𑘧𑘰 𑘋𑘎𑘝𑘰 𑘋𑘎𑘝𑘰 𑘁𑘃𑘩𑘰 𑘦𑘿𑘮𑘘𑘩𑘹 𑘁𑘃 𑘦𑘲 𑘁𑘢𑘩𑘰 𑘡𑘲𑘑𑘳𑘡 𑘕𑘰𑘝𑘻 𑘦𑘲 𑘧𑘹𑘞𑘹 𑘨𑘰𑘮𑘰𑘝 𑘡𑘰𑘮𑘲
𑘦𑘲 𑘁𑘩𑘻 𑘝𑘨 𑘥𑘰𑘄 𑘎𑘲𑘝𑘲 𑘨𑘰𑘐𑘹 𑘥𑘨𑘩𑘹 𑘝𑘹 𑘑𑘨𑘲 𑘧𑘹𑘜𑘿𑘧𑘰𑘓𑘿𑘧𑘰 𑘁𑘠𑘲𑘓 𑘦𑘩𑘰 𑘕𑘰𑘄 𑘟𑘹
𑘁𑘃 𑘦𑘿𑘮𑘜𑘰𑘩𑘲 𑘀𑘭𑘹 𑘡𑘎𑘻 𑘮𑘻 𑘫𑘿𑘧𑘰𑘦 𑘎𑘨𑘳 𑘮𑘹 𑘓𑘰𑘽𑘐𑘩𑘹 𑘎𑘰 𑘀𑘨𑘹 𑘝𑘹 𑘤𑘻𑘩𑘩𑘹 𑘝𑘨𑘲 𑘝𑘿𑘧𑘰𑘽𑘓𑘿𑘧𑘰 𑘦𑘡𑘰𑘝 𑘎𑘰
𑘀𑘭𑘝𑘹 𑘤𑘰𑘮𑘹𑘨 𑘎𑘻𑘜𑘲 𑘀𑘢𑘦𑘰𑘡 𑘎𑘹𑘩𑘰 𑘀𑘭𑘹𑘩 𑘝𑘿𑘧𑘰𑘽𑘓𑘰 𑘨𑘰𑘐𑘰𑘪𑘩𑘹𑘩𑘹 𑘀𑘭𑘝𑘲𑘩 𑘦𑘿𑘮𑘜𑘳𑘡 𑘤𑘻𑘩𑘩𑘹 𑘁𑘕𑘎𑘰𑘩
𑘁𑘢𑘩𑘲 𑘭𑘿𑘞𑘲𑘝𑘲 𑘪𑘰𑘃𑘘 𑘁𑘮𑘹 𑘝𑘳𑘩𑘰 𑘎𑘯𑘝 𑘎𑘰 𑘡𑘰𑘮𑘲 𑘝𑘿𑘧𑘰𑘽𑘓𑘹 𑘦𑘡 𑘡𑘲𑘨𑘰𑘫 𑘀𑘭𑘝𑘹 𑘝𑘿𑘧𑘰𑘽𑘓𑘹 𑘤𑘻𑘩𑘜𑘹 𑘝𑘳
𑘦𑘡𑘰𑘪𑘨 𑘑𑘹𑘄 𑘡𑘎𑘻𑘭 𑘝𑘿𑘧𑘰𑘡𑘲 𑘁𑘕𑘢𑘨𑘿𑘧𑘽𑘝 𑘝𑘳𑘦𑘿𑘮𑘰𑘽𑘩𑘰 𑘪𑘰𑘛𑘪𑘲𑘩𑘹 𑘝𑘨 𑘟𑘻𑘡 𑘫𑘤𑘿𑘟 𑘤𑘻𑘩𑘜𑘿𑘧𑘰𑘓𑘰𑘮𑘲
𑘝𑘿𑘧𑘰𑘽𑘡𑘰 𑘀𑘠𑘲𑘎𑘰𑘨 𑘡𑘰𑘮𑘲 𑘎𑘰 𑘃𑘝𑘎𑘲 𑘪𑘨𑘿𑘬𑘹 𑘝𑘳𑘦𑘓𑘿𑘧𑘰𑘭𑘰𑘙𑘲 𑘝𑘿𑘧𑘰𑘽𑘡𑘲 𑘀𑘢𑘦𑘰𑘡 𑘭𑘻𑘭𑘩𑘹 𑘏𑘭𑘿𑘝𑘰"
folio_036.png,"𑘦𑘲 𑘀𑘽𑘐𑘜𑘰𑘝 𑘟𑘲𑘭𑘝𑘰𑘓 𑘀𑘜𑘿𑘜𑘰 𑘁𑘩𑘰 𑘀𑘜𑘿𑘜𑘰 𑘁𑘩𑘰 𑘀𑘭𑘹 𑘠𑘰𑘎𑘘𑘹 𑘥𑘰𑘄 𑘁𑘡𑘽𑘟𑘰𑘡𑘹 𑘕𑘧𑘕𑘧𑘎𑘰𑘨
𑘎𑘨𑘳 𑘩𑘰𑘐𑘩𑘹 𑘪 𑘦𑘩𑘰 𑘤𑘲𑘩𑘐𑘩𑘹 𑘦𑘲 𑘑𑘨𑘰𑘝 𑘐𑘹𑘩𑘻
𑘁𑘃 𑘦𑘿𑘮𑘜𑘰𑘩𑘲 𑘄𑘫𑘲𑘨𑘰 𑘎𑘰 𑘡𑘲𑘑𑘰𑘩𑘰𑘭 𑘕𑘨𑘰 𑘩𑘼𑘎𑘨 𑘡𑘲𑘑𑘰𑘪𑘹 𑘎𑘲 𑘡𑘰𑘮𑘲 𑘤𑘰𑘮𑘹𑘨 𑘨𑘰𑘝𑘿𑘨 𑘖𑘰𑘩𑘲
𑘦𑘲 𑘦𑘿𑘮𑘜𑘰𑘩𑘻 𑘦𑘰𑘖𑘿𑘧𑘰𑘓𑘿𑘧𑘰𑘡𑘹 𑘓𑘰𑘩𑘪𑘝𑘓 𑘡𑘪𑘿𑘮𑘝𑘹 𑘕𑘜𑘳 𑘐𑘯𑘳𑘡 𑘐𑘹𑘩𑘿𑘧𑘰𑘭𑘰𑘨𑘏𑘹 𑘪𑘰𑘘𑘝 𑘮𑘻𑘝𑘹
𑘦𑘐 𑘎𑘫𑘰𑘩𑘰 𑘤𑘨𑘹 𑘢𑘰𑘧𑘲 𑘁𑘩𑘰𑘭 𑘢𑘳𑘛𑘹 𑘭𑘽𑘎𑘿𑘨𑘰𑘽𑘝𑘲𑘭 𑘧𑘰𑘪𑘧𑘰𑘓𑘹 𑘁𑘃 𑘦𑘿𑘮𑘜𑘰𑘩𑘲
𑘁𑘃 𑘦𑘲 𑘝𑘳𑘩𑘰 𑘢𑘰𑘮𑘜𑘿𑘧𑘰𑘭𑘰𑘙𑘲 𑘁𑘩𑘻 𑘝𑘳 𑘦𑘰𑘖𑘿𑘧𑘰𑘎𑘚𑘹 𑘢𑘿𑘨𑘹𑘦𑘰𑘡𑘹 𑘢𑘰𑘮𑘲𑘩𑘹𑘭 𑘎𑘲 𑘦𑘩𑘰 𑘫𑘎𑘿𑘝𑘲 𑘧𑘹𑘝𑘹 𑘮𑘲
𑘫𑘎𑘿𑘝𑘲 𑘑𑘹𑘄𑘡 𑘦𑘲 𑘢𑘨𑘝 𑘕𑘰𑘃𑘡 𑘀𑘭𑘹 𑘦𑘿𑘮𑘜𑘳𑘡 𑘦𑘲 𑘁𑘃𑘩𑘰 𑘤𑘲𑘩𑘐𑘩𑘻 𑘪 𑘨𑘚𑘳 𑘩𑘰𑘐𑘩𑘻 𑘁𑘃𑘩𑘰𑘮𑘲"
folio_037.png,"𑘨𑘰𑘝𑘿𑘨 𑘔𑘝𑘿𑘝𑘲𑘭𑘰𑘪𑘲 𑘫𑘿𑘧𑘰𑘦𑘓𑘲 𑘁𑘃 𑘨𑘰𑘝𑘿𑘨 𑘭𑘟𑘝𑘲𑘭𑘰𑘪𑘲 𑙑𑙙𑙓𑙖 𑘭𑘰𑘮𑘲𑘝𑘿𑘧𑘲𑘎 𑘢𑘰𑘽𑘚𑘳𑘨𑘽𑘐
𑘭𑘟𑘰𑘫𑘲𑘪 𑘭𑘰𑘡𑘹 𑘨𑘰𑘝𑘿𑘨 𑘀𑘚𑘝𑘲𑘭𑘰𑘪𑘲
𑘨𑘰𑘝𑘿𑘨 𑘔𑘝𑘿𑘝𑘲𑘭𑘰𑘪𑘲 𑘫𑘿𑘧𑘰𑘦𑘓𑘲 𑘁𑘃 𑘨𑘰𑘝𑘿𑘨 𑘭𑘟𑘝𑘲𑘭𑘰𑘪𑘲 𑙑𑙙𑙓𑙖 𑘭𑘰𑘮𑘲𑘝𑘿𑘧𑘲𑘎 𑘢𑘰𑘽𑘚𑘳𑘨𑘽𑘐
𑘭𑘟𑘰𑘫𑘲𑘪 𑘭𑘰𑘡𑘹 𑘨𑘰𑘝𑘿𑘨 𑘀𑘚𑘝𑘲𑘭𑘰𑘪𑘲
𑘨𑘰𑘝𑘿𑘨 𑘔𑘝𑘿𑘝𑘲𑘭𑘰𑘪𑘲 𑘫𑘿𑘧𑘰𑘦𑘓𑘲 𑘁𑘃 𑘨𑘰𑘝𑘿𑘨 𑘭𑘟𑘝𑘲𑘭𑘰𑘪𑘲 𑙑𑙙𑙓𑙖 𑘭𑘰𑘮𑘲𑘝𑘿𑘧𑘲𑘎 𑘢𑘰𑘽𑘚𑘳𑘨𑘽𑘐
𑘭𑘟𑘰𑘫𑘲𑘪 𑘭𑘰𑘡𑘹 𑘨𑘰𑘝𑘿𑘨 𑘀𑘚𑘝𑘲𑘭𑘰𑘪𑘲
𑘨𑘰𑘝𑘿𑘨 𑘔𑘝𑘿𑘝𑘲𑘭𑘰𑘪𑘲"
folio_038.png,"𑘦𑘩𑘰 𑘦𑘰𑘖𑘿𑘧𑘰 𑘠𑘨𑘿𑘦𑘤𑘽𑘠𑘳𑘓𑘲 𑘎𑘲𑘪 𑘧𑘹𑘝𑘹 𑘢𑘺𑘐𑘽𑘤𑘨𑘰𑘽𑘓𑘰 𑘞𑘻𑘨 𑘭𑘽𑘟𑘹𑘫 𑘀𑘟𑘿𑘧𑘰𑘢 𑘁𑘦𑘿𑘮𑘰𑘩𑘰 𑘭𑘦𑘕𑘩𑘰 𑘡𑘰𑘮𑘲
𑘕𑘿𑘗𑘰𑘡𑘰𑘩𑘰 𑘢𑘺𑘐𑘽𑘤𑘨 𑘣𑘰𑘨 𑘦𑘰𑘡 𑘟𑘹𑘝 𑘢𑘺𑘐𑘽𑘤𑘨𑘰𑘽𑘓𑘲 𑘦𑘳𑘩𑘐𑘲 𑘣𑘰𑘝𑘦𑘰 𑘎𑘳𑘨𑘰𑘜𑘰𑘪𑘨 𑘢𑘿𑘨𑘪𑘓𑘡 𑘎𑘨𑘲
𑘮𑘳𑘝𑘰𑘝𑘿𑘦𑘿𑘧𑘰𑘽𑘓𑘿𑘧𑘰 𑘨𑘎𑘿𑘝𑘰𑘢𑘹𑘎𑘿𑘬𑘰𑘮𑘲 𑘡𑘪𑘲𑘡 𑘕𑘿𑘗𑘰𑘡 𑘟𑘹𑘜𑘰𑘨𑘲 𑘫𑘰𑘃𑘓𑘲 𑘊𑘎 𑘌𑘯 𑘀𑘠𑘲𑘎 𑘦𑘮𑘝𑘿𑘪𑘰𑘓𑘲
𑘁𑘮𑘹 𑘀𑘭𑘹 𑘢𑘺𑘐𑘽𑘤𑘨 𑘦𑘿𑘮𑘜𑘝 𑘨𑘰𑘝𑘿𑘨𑘽𑘟𑘲𑘪𑘭 𑘡𑘦𑘰𑘕 𑘢𑘛𑘜𑘰 𑘧𑘰𑘽𑘢𑘹𑘎𑘿𑘬𑘰 𑘭𑘿𑘨𑘲𑘬𑘿𑘘𑘲𑘓𑘹 𑘐𑘳𑘛 𑘄𑘎𑘩𑘜𑘰𑘨𑘰
𑘭𑘿𑘨𑘲𑘬𑘿𑘘𑘲𑘓𑘹 𑘡𑘲𑘘 𑘢𑘨𑘲𑘎𑘿𑘬𑘜 𑘎𑘨𑘜𑘰𑘨𑘰 𑘡𑘲𑘭𑘨𑘿𑘐𑘰𑘓𑘰 𑘀𑘥𑘿𑘧𑘰𑘭 𑘎𑘨𑘜𑘰𑘨𑘰 𑘀𑘠𑘲𑘎 𑘠𑘰𑘨𑘿𑘦𑘲𑘎 𑘮𑘻𑘧
𑘀𑘭𑘹 𑘢𑘺𑘐𑘽𑘤𑘨 𑘦𑘿𑘮𑘜𑘝 𑘢𑘺𑘐𑘽𑘤𑘨𑘰𑘽𑘓𑘰 𑘭𑘽𑘟𑘹𑘫 𑘢𑘮𑘲𑘩𑘲 𑘝𑘲𑘡𑘓𑘰𑘨𑘫𑘹 𑘪𑘨𑘿𑘬𑘹 𑘁𑘦𑘿𑘮𑘲 𑘋𑘎𑘩𑘰 𑘪 𑘃
𑘭𑘡𑘰𑘓𑘿𑘧𑘰 𑙗 𑘪𑘿𑘧𑘰 𑘝𑘹 𑙑𑙐 𑘪𑘿𑘧𑘰 𑘫𑘝𑘎𑘰𑘢𑘨𑘿𑘧𑘽𑘝 𑘕𑘿𑘗𑘰𑘡𑘰𑘝 𑘁𑘦𑘿𑘮𑘲 𑘀𑘐𑘿𑘨𑘹𑘭𑘨 𑘮𑘻𑘝𑘻 𑘢𑘿𑘨𑘓𑘽𑘚"
folio_039.png,"𑘟𑘲𑘩𑘰𑘪𑘨 𑘤𑘰𑘮𑘹𑘨 𑘡𑘲𑘑𑘳𑘡 𑘐𑘹𑘩𑘰
𑘃𑘎𑘚𑘹 𑘊𑘎𑘹 𑘟𑘲𑘪𑘫𑘲 𑘓𑘲𑘝𑘿𑘨𑘰 𑘨𑘚𑘝 𑘮𑘻𑘝𑘲 𑘝𑘻 𑘝𑘲 𑘦𑘻𑘩𑘎𑘨𑘲𑘜 𑘁𑘩𑘲
𑘎𑘰𑘧 𑘐 𑘝𑘳𑘖𑘹 𑘡𑘰𑘪
𑘦𑘰𑘖𑘹 𑘡𑘰𑘪 𑘀𑘦𑘲𑘡𑘰
𑘀𑘦𑘲𑘡𑘰 𑘝𑘳 𑘭𑘿𑘝𑘿𑘨𑘲 𑘦𑘲 𑘭𑘿𑘝𑘿𑘨𑘲 𑘭𑘿𑘝𑘿𑘨𑘲𑘓𑘲 𑘭𑘿𑘝𑘿𑘨𑘲𑘡𑘹 𑘡𑘰𑘮𑘲 𑘤𑘰𑘕𑘳 𑘑𑘿𑘧𑘰𑘧𑘓𑘲 𑘝𑘨 𑘎𑘻𑘜 𑘑𑘹𑘃𑘩 𑘝𑘳 𑘧𑘹𑘞𑘳𑘡
𑘦𑘩𑘰 𑘭𑘻𑘚𑘪 𑘦𑘲 𑘝𑘳𑘖𑘹 𑘄𑘢𑘎𑘰𑘨 𑘣𑘹𑘚𑘲𑘡 𑘝𑘳𑘖𑘹 𑘟𑘰𑘨𑘲𑘟𑘿𑘨𑘿𑘧 𑘣𑘹𑘚𑘲𑘡 𑘦𑘰𑘖𑘿𑘧𑘰𑘪𑘨 𑘪𑘲𑘫𑘿𑘪𑘰𑘭 𑘙𑘹𑘪 𑘀𑘦𑘲𑘡𑘰
𑘦𑘰𑘖𑘰 𑘢𑘝𑘲 𑘦𑘰𑘖𑘿𑘧𑘰𑘭𑘰𑘙𑘲 𑘝𑘚𑘣𑘚𑘝 𑘀𑘭𑘹𑘩 𑘢𑘰𑘏𑘨𑘹𑘭𑘳𑘟𑘿𑘠𑘰 𑘡𑘨 𑘦𑘰𑘟𑘲 𑘕𑘨 𑘀𑘩𑘐 𑘖𑘰𑘩𑘲 𑘝𑘨 𑘝𑘚𑘣𑘚𑘳𑘡"
folio_040.png,"𑘟𑘝𑘿𑘝𑘰𑘝𑘿𑘨𑘹𑘧𑘰𑘓𑘰 𑘀𑘪𑘝𑘰𑘨𑘳 𑙁 𑘭𑘰𑘽𑘐𑘲𑘝𑘩𑘰 𑘢𑘳𑘨𑘿𑘪𑘰𑘢𑘰𑘨𑘳 𑙁 𑘢𑘳𑘛𑘹 𑘀𑘪𑘝𑘰𑘨 𑘕𑘰𑘮𑘩𑘹 𑘐𑘳𑘨𑘳 𑙁 𑘎𑘪𑘜𑘹𑘢𑘨𑘲
𑘡𑘲𑘨𑘻𑘢𑘲𑘕𑘹 𑙂𑙗𑙕𑙂
𑘦𑘿𑘮𑘜𑘹 𑘭𑘨𑘭𑘿𑘪𑘝𑘲𑘐𑘽𑘐𑘰𑘠𑘨𑘳 𑙁 𑘢𑘳𑘛𑘲𑘩 𑘎𑘞𑘹𑘓𑘰 𑘪𑘲𑘭𑘿𑘝𑘰𑘨𑘳 𑙁 𑘋𑘎𑘝𑘰 𑘮𑘻𑘧 𑘦𑘡𑘻𑘮𑘨𑘳 𑙁
𑘭𑘎𑘯𑘰𑘥𑘲𑘬𑘿𑘘𑘹 𑘭𑘰𑘠𑘝𑘲 𑙂𑙗𑙖𑙂
𑘃𑘝𑘲 𑘫𑘿𑘨𑘲𑘐𑘳𑘨𑘳𑘓𑘨𑘲𑘝𑘿𑘨𑘢𑘨𑘦𑘎𑘞𑘰𑘎𑘩𑘿𑘢𑘝𑘨𑘼 𑘫𑘿𑘨𑘲𑘡𑘿𑘨𑘲𑘭𑘲𑘽𑘮𑘭𑘨𑘭𑘿𑘪𑘝𑘿𑘧𑘳𑘢𑘰𑘏𑘿𑘧𑘰𑘡𑘹
𑘭𑘲𑘟𑘿𑘠𑘡𑘰𑘦𑘠𑘰𑘨𑘎𑘭𑘽𑘪𑘰𑘟𑘹 𑘀𑘡𑘭𑘳𑘧𑘻𑘢𑘰𑘏𑘿𑘧𑘰𑘡𑘽 𑘡𑘰𑘦 𑘓𑘝𑘳𑘨𑘿𑘞𑘻ऽ𑘠𑘿𑘧𑘰𑘧𑘾 𑙂𑙔𑙂
𑘫𑘿𑘨𑘲𑘟𑘝𑘿𑘝𑘰𑘝𑘿𑘨𑘹𑘧𑘰𑘨𑘿𑘢𑘜𑘦𑘭𑘿𑘝𑘳 𑙂 𑘌𑘪𑘲𑘭𑘽𑘏𑘿𑘧𑘰 𑙂𑙗𑙗𑙂"
folio_041.png,"𑘊𑘎 𑘨𑘰𑘠𑘰 𑘦𑘰𑘝𑘿𑘨 𑘖𑘰𑘩𑘲 𑘪𑘹𑘚𑘲 𑘝𑘳𑘖𑘿𑘧𑘰𑘭𑘰𑘙𑘲
𑘢𑘳𑘨𑘿𑘜𑘢𑘜𑘹 𑘖𑘰𑘩𑘲 𑘦𑘿𑘮𑘜𑘹 𑘟𑘹𑘪𑘰 𑘝𑘳𑘖𑘲 𑘥𑘹𑘘𑘲
𑘮𑘹 𑘐𑘰𑘜𑘹 𑘦𑘿𑘮𑘜𑘝 𑘮𑘻𑘝𑘲
𑘦𑘲 𑘌𑘘𑘲𑘪𑘨 𑘝𑘹 𑘐𑘰𑘜𑘹 𑘋𑘎𑘝𑘓 𑘄𑘥𑘰 𑘨𑘰𑘮𑘲𑘩𑘻 𑘟𑘰𑘨 𑘩𑘻𑘘𑘜𑘿𑘧𑘰𑘓𑘹 𑘠𑘺𑘨𑘿𑘧 𑘮𑘻𑘃𑘡𑘰 𑘢𑘨𑘽𑘝𑘳 𑘎𑘲𑘝𑘲 𑘪𑘹𑘯
𑘄𑘥𑘰 𑘨𑘰𑘮𑘜𑘰𑘨 𑘫𑘹𑘪𑘘𑘲 𑘟𑘰𑘨 𑘩𑘎𑘘𑘩𑘹 𑘞𑘰𑘢 𑘦𑘰𑘨𑘩𑘲
𑘎𑘻𑘜 𑘁𑘃𑘡𑘹 𑘪𑘲𑘓𑘰𑘨𑘩𑘹
𑘦𑘲 𑘫𑘿𑘧𑘰𑘦 𑘀𑘭𑘹 𑘄𑘝𑘿𑘝𑘨 𑘟𑘲𑘩𑘹"
folio_042.png,"𑘡𑘰𑘮𑘲 𑘕𑘰𑘜𑘰𑘨 𑘝𑘳𑘦𑘿𑘮𑘰𑘩𑘰 𑘎𑘻𑘜𑘰𑘩𑘰𑘮𑘲 𑘭𑘻𑘚𑘳𑘡 𑘦𑘲 𑘕𑘰𑘜𑘰𑘨 𑘡𑘰𑘮𑘲
𑘫𑘲𑘨𑘲𑘬 𑘩𑘪𑘎𑘨𑘓 𑘁𑘢𑘩𑘿𑘧𑘰 𑘪𑘲𑘪𑘰𑘮𑘰𑘓𑘰 𑘪𑘰𑘛𑘟𑘲𑘪𑘭 𑘧𑘹𑘃𑘩
𑘧𑘽𑘟𑘰 𑘞𑘰𑘘𑘰𑘡𑘹 𑘭𑘰𑘕𑘨𑘰 𑘎𑘨𑘳 𑘫𑘹𑘕𑘰𑘨𑘓𑘿𑘧𑘰 𑘐𑘰𑘪𑘓𑘹 𑘐𑘪𑘃 𑘤𑘻𑘩𑘰𑘪𑘳
𑘁𑘜𑘲 𑘩𑘐𑘿𑘡𑘰𑘓𑘰 𑘪𑘰𑘛𑘟𑘲𑘪𑘭 𑘁𑘩𑘰 𑘤𑘰𑘐𑘹𑘝 𑘝𑘧𑘰𑘨𑘲 𑘎𑘨𑘜𑘿𑘧𑘰𑘝 𑘁𑘩𑘲 𑘭𑘳𑘽𑘟𑘨 𑘣𑘳𑘩𑘹 𑘣𑘳𑘩𑘩𑘲 𑘮𑘻𑘝𑘲
𑘦𑘠𑘿𑘧𑘹 𑘐𑘰𑘩𑘲𑘓𑘰 𑘮𑘻𑘝𑘰 𑘨𑘰𑘝𑘿𑘨𑘲 𑘦𑘳𑘏𑘿𑘧 𑘕𑘹𑘪𑘜 𑘖𑘰𑘩𑘹 𑘭𑘳𑘏𑘟𑘹𑘪 𑘪 𑘭𑘰𑘪𑘲𑘝𑘿𑘨𑘲 𑘫𑘲𑘨𑘲𑘬 𑘪 𑘎𑘨𑘳𑘜𑘰 𑘝𑘹𑘞𑘹
𑘮𑘻𑘝𑘲 𑘫𑘲𑘨𑘲𑘬𑘓𑘰 𑘦𑘲𑘝𑘿𑘨 𑘢𑘿𑘨𑘹𑘦𑘰𑘡𑘽𑘟 𑘝𑘻𑘮𑘲 𑘝𑘹𑘞𑘹 𑘮𑘻𑘝𑘰 𑘐𑘰𑘧𑘡𑘪𑘰𑘟𑘡 𑘭𑘳𑘨𑘳 𑘖𑘰𑘩𑘹 𑘁𑘎𑘰𑘫𑘰𑘝 𑘓𑘽𑘟𑘿𑘨
𑘮𑘻𑘝𑘰 𑘦𑘽𑘟 𑘪𑘰𑘨𑘰 𑘪𑘰𑘮𑘰𑘝 𑘮𑘻𑘝𑘰 𑘣𑘳𑘩𑘰𑘽𑘓𑘰 𑘢𑘨𑘲𑘦𑘯 𑘭𑘳𑘘𑘩𑘰 𑘮𑘻𑘝𑘰 𑘁𑘡𑘽𑘟𑘰𑘩𑘰 𑘥𑘨𑘝𑘲 𑘁𑘩𑘲 𑘮𑘻𑘝𑘲"
folio_043.png,"𑘡𑘪𑘲𑘡 𑘎𑘻𑘘 𑘤𑘰𑘽𑘠𑘳𑘡 𑘑𑘹𑘄𑘡 𑘦𑘲 𑘡𑘲𑘑𑘰𑘩𑘻 𑘢𑘽𑘏 𑘀𑘭𑘝𑘹 𑘝𑘨 𑘊𑘎𑘟𑘦 𑘄𑘚𑘳𑘡 𑘐𑘹𑘩𑘻 𑘀𑘭𑘝𑘻
𑘓𑘰𑘩𑘜𑘿𑘧𑘰𑘓𑘹 𑘫𑘿𑘨𑘦𑘓 𑘪𑘰𑘘𑘝 𑘡𑘪𑘿𑘮𑘝𑘹 𑘭𑘳𑘏𑘭𑘿𑘪𑘢𑘿𑘡𑘰𑘝 𑘟𑘽𑘐 𑘮𑘻𑘝𑘻 𑘁𑘃𑘩𑘰 𑘎𑘲𑘝𑘲 𑘁𑘡𑘽𑘟 𑘮𑘻𑘃𑘩 𑘧𑘰
𑘎𑘩𑘿𑘢𑘡𑘹𑘝 𑘦𑘲 𑘮𑘻𑘝𑘻 𑘊𑘎 𑘡𑘰𑘡𑘹𑘘𑘲 𑘦𑘰𑘖𑘿𑘧𑘰 𑘢𑘰𑘧𑘰𑘕𑘪𑘯𑘳𑘡 𑘄𑘚𑘲 𑘦𑘰𑘨𑘳𑘡 𑘐𑘹𑘩𑘲 𑘡𑘰𑘡𑘹𑘘𑘲 𑘦𑘿𑘮𑘜𑘳𑘡
𑘊𑘎 𑘭𑘰𑘢𑘰𑘓𑘰 𑘢𑘿𑘨𑘎𑘰𑘨 𑘁𑘮𑘹 𑘝𑘲𑘓𑘰 𑘮𑘲𑘨𑘪𑘰 𑘨𑘽𑘐 𑘀𑘭𑘝𑘻 𑘡𑘰𑘡𑘹𑘘𑘲 𑘄𑘚𑘿𑘧𑘰 𑘦𑘰𑘨𑘲𑘝 𑘕𑘰𑘝𑘹 𑘦𑘩𑘰 𑘕𑘨𑘰
𑘥𑘲𑘝𑘲 𑘪𑘰𑘘𑘩𑘲 𑘕𑘢𑘳𑘡 𑘓𑘰𑘩𑘳 𑘩𑘰𑘐𑘩𑘻 𑘢𑘲𑘭𑘃𑘓𑘰 𑘢𑘨𑘿𑘮𑘿𑘧𑘰 𑘟𑘳𑘞𑘚𑘲 𑘥𑘨𑘳𑘡 𑘪𑘰𑘮𑘝 𑘮𑘻𑘝𑘰 𑘝𑘿𑘧𑘰𑘓𑘿𑘧𑘰
𑘢𑘰𑘜𑘿𑘧𑘰𑘩𑘰 𑘌𑘛 𑘣𑘰𑘨 𑘎𑘰𑘧 𑘎𑘨𑘰𑘧𑘓𑘹 𑘁𑘃𑘓𑘹 𑘡𑘰𑘪 𑘑𑘹𑘝𑘩𑘹 𑘪 𑘫𑘲𑘨𑘩𑘻 𑘢𑘰𑘜𑘿𑘧𑘰𑘝 𑘮𑘰𑘝𑘰𑘝 𑘎𑘰𑘙𑘲
𑘮𑘻𑘝𑘲 𑘢𑘳𑘛𑘹 𑘎𑘰𑘙𑘲 𑘘𑘰𑘎𑘰𑘪𑘧𑘰𑘓𑘲 𑘪 𑘦𑘐 𑘢𑘰𑘄𑘩 𑘘𑘰𑘎𑘰𑘪𑘧𑘰𑘓𑘹 𑘦𑘲 𑘪𑘰𑘮𑘳𑘡 𑘕𑘰𑘜𑘿𑘧𑘰𑘓𑘿𑘧𑘰 𑘤𑘹𑘝𑘰𑘝"
folio_044.png,"𑘨𑘰𑘕𑘰 𑘀𑘝𑘲𑘫𑘧𑘻𑘎𑘿𑘝𑘲 𑘎𑘨𑘜𑘿𑘧𑘰𑘓𑘲 𑘝𑘳𑘩𑘰 𑘭𑘪𑘧𑘓 𑘁𑘮𑘹 𑘝𑘳𑘖𑘹 𑘦𑘰𑘖𑘿𑘧𑘰𑘪𑘨 𑘢𑘿𑘨𑘹𑘦 𑘁𑘮𑘹 𑘦𑘿𑘮𑘜𑘳𑘡 𑘝𑘳𑘩𑘰
𑘦𑘰𑘖𑘹 𑘭𑘰𑘨𑘹 𑘓𑘰𑘽𑘐𑘩𑘹𑘓 𑘟𑘲𑘭𑘝𑘹 𑘦𑘰𑘖𑘿𑘧𑘰𑘝 𑘊𑘎𑘓 𑘐𑘳𑘜 𑘁𑘮𑘹 𑘝𑘻 𑘦𑘿𑘮𑘜𑘕𑘹 𑘎𑘯𑘎𑘯 𑘧𑘰 𑘎𑘯𑘎𑘯𑘲𑘡𑘹 𑘭𑘰𑘨𑘹
𑘭𑘕𑘳𑘡 𑘟𑘲𑘭𑘝𑘹 𑘦𑘲 𑘎𑘲𑘨𑘿𑘝𑘡 𑘎𑘨𑘝𑘻 𑘝𑘹𑘪𑘿𑘮𑘰 𑘭𑘽𑘐𑘲𑘝𑘐𑘰𑘧𑘡𑘰𑘓𑘲 𑘄𑘜𑘲𑘪 𑘦𑘲 𑘦𑘰𑘖𑘿𑘧𑘰 𑘄𑘝𑘿𑘎𑘽𑘙𑘝𑘹𑘡𑘹 𑘪
𑘎𑘯𑘎𑘯𑘲𑘡𑘹 𑘥𑘨𑘳𑘡 𑘎𑘰𑘛𑘝𑘻 𑘨𑘰𑘕𑘰 𑘦𑘕𑘕𑘪𑘯 𑘟𑘳𑘭𑘨𑘹 𑘎𑘰𑘧 𑘁𑘮𑘹 𑘎𑘰𑘮𑘲 𑘡𑘰𑘮𑘲 𑘏𑘨𑘹𑘓 𑘎𑘰𑘮𑘲 𑘡𑘰𑘮𑘲 𑘦𑘲
𑘁𑘢𑘩𑘰 𑘤𑘻𑘩𑘎𑘰 𑘛𑘩𑘢𑘰 𑘎𑘰𑘦𑘹 𑘝𑘳𑘦𑘿𑘮𑘲 𑘎𑘨𑘝𑘰 𑘦𑘲 𑘐𑘻𑘬𑘿𑘘𑘲 𑘭𑘰𑘽𑘐𑘰𑘪𑘿𑘧𑘰 𑘎𑘞𑘰 𑘭𑘰𑘽𑘐𑘰𑘪𑘿𑘧𑘰 𑘫𑘤𑘿𑘟𑘪𑘹𑘩𑘿𑘮𑘰𑘯
𑘦𑘲 𑘢𑘨𑘽𑘝𑘳 𑘝𑘳𑘦𑘿𑘮𑘲 𑘎𑘰𑘨𑘿𑘧𑘪𑘹𑘩𑘿𑘮𑘰𑘯 𑘁𑘮𑘰𑘝 𑘨𑘰𑘕𑘰 𑘦𑘡𑘰𑘝𑘳𑘡 𑘦𑘲 𑘦𑘰𑘖𑘹 𑘚𑘻𑘎𑘹 𑘎𑘲𑘝𑘲𑘟𑘰 𑘝𑘨𑘲 𑘝𑘳𑘦𑘓𑘿𑘧𑘰
𑘢𑘰𑘧𑘰𑘽𑘪𑘨 𑘙𑘹𑘪𑘝𑘻 𑘥𑘲𑘎𑘰 𑘡𑘰𑘦𑘟𑘹𑘪 𑘨𑘰𑘦 𑘮𑘹 𑘎𑘲𑘝𑘲 𑘎𑘰𑘦 𑘎𑘨𑘝𑘰𑘝 𑘝𑘳𑘦𑘿𑘮𑘲 𑘦𑘩𑘰 𑘦𑘻𑘙𑘹𑘢𑘜𑘰 𑘟𑘲𑘩𑘰𑘝 𑘝𑘨𑘲"
folio_045.png,"𑘣𑘰𑘨 𑘮𑘻𑘝𑘻 𑘝𑘿𑘨𑘰𑘭 𑘦𑘮𑘰𑘨𑘰𑘕 𑘣𑘰𑘨 𑘁𑘮𑘹 𑘟𑘳𑘾𑘏 𑘝𑘳𑘦𑘿𑘮𑘲 𑘝𑘨𑘲 𑘁𑘨𑘻𑘐𑘿𑘧 𑘟𑘿𑘧𑘰 𑘦𑘰𑘖𑘿𑘧𑘰𑘭𑘰𑘙𑘲 𑘟𑘹𑘪𑘰𑘩𑘰
𑘁𑘯𑘪𑘰 𑘟𑘹𑘪 𑘝𑘳𑘦𑘓𑘹 𑘋𑘎𑘹𑘩 𑘨𑘰𑘕𑘰 𑘦𑘿𑘮𑘜𑘰𑘩𑘰
𑘭𑘰𑘠𑘳𑘡𑘹 𑘨𑘰𑘕𑘰𑘓𑘲 𑘟𑘫𑘰 𑘢𑘰𑘮𑘲𑘩𑘲 𑘝𑘻 𑘝𑘹𑘞𑘹𑘓 𑘭𑘓𑘲𑘽𑘝 𑘄𑘥𑘰 𑘮𑘻𑘝𑘰 𑘨𑘰𑘕𑘰 𑘝𑘳𑘖𑘿𑘧𑘰𑘭𑘰𑘙𑘲 𑘦𑘲 𑘟𑘹𑘪𑘰𑘓𑘲
𑘢𑘿𑘨𑘰𑘨𑘿𑘞𑘡𑘰 𑘎𑘨𑘲𑘡 𑘢𑘨𑘽𑘝𑘳 𑘝𑘳 𑘭𑘳𑘟𑘿𑘠𑘰 𑘦𑘲 𑘭𑘰𑘽𑘐𑘹𑘡 𑘝𑘭𑘹 𑘎𑘹𑘩𑘹 𑘢𑘰𑘮𑘲𑘕𑘹 𑘍𑘬𑘠 𑘑𑘹𑘝𑘩𑘹 𑘢𑘰𑘮𑘲𑘕𑘹
𑘢𑘞𑘿𑘧𑘢𑘰𑘜𑘲 𑘭𑘰𑘽𑘥𑘰𑘯𑘩𑘹 𑘢𑘰𑘮𑘲𑘕𑘹 𑘭𑘰𑘠𑘳 𑘦𑘿𑘮𑘜𑘰𑘩𑘰
𑘎𑘻𑘜𑘝𑘹 𑘍𑘬𑘠 𑘑𑘹𑘄 𑘕𑘻 𑘄𑘢𑘰𑘧 𑘭𑘰𑘽𑘐𑘰𑘩 𑘝𑘻 𑘎𑘨𑘲𑘡 𑘝𑘳𑘦𑘿𑘮𑘲 𑘭𑘰𑘽𑘐𑘰𑘩 𑘝𑘿𑘧𑘰𑘢𑘿𑘨𑘦𑘰𑘜𑘹 𑘦𑘲 𑘪𑘰𑘐𑘹𑘡 𑘨𑘰𑘕𑘰𑘡𑘹
𑘭𑘰𑘽𑘐𑘲𑘝𑘩𑘹"
folio_046.png,"𑘪𑘚𑘲𑘩𑘰𑘽𑘓𑘹 𑘐𑘻𑘚 𑘫𑘤𑘿𑘟 𑘋𑘎𑘳𑘡 𑘦𑘲 𑘩𑘰𑘕𑘩𑘻 𑘪 𑘫𑘨𑘦𑘩𑘻 𑘝𑘹 𑘦𑘩𑘰 𑘁𑘟𑘩𑘿𑘧𑘰 𑘟𑘲𑘪𑘫𑘲 𑘨𑘰𑘝𑘿𑘨𑘲 𑘨𑘰𑘐𑘹
𑘥𑘨𑘩𑘹 𑘮𑘻𑘝𑘹 𑘢𑘨𑘽𑘝𑘳 𑘎𑘲𑘝𑘲 𑘝𑘿𑘧𑘰𑘽𑘓𑘹 𑘢𑘿𑘨𑘹𑘦 𑘦𑘰𑘖𑘹 𑘤𑘨𑘹 𑘪𑘿𑘮𑘰𑘪𑘹 𑘥𑘩𑘹 𑘪𑘿𑘮𑘰𑘪𑘹 𑘦𑘰𑘖𑘰 𑘀𑘥𑘿𑘧𑘰𑘭 𑘡𑘲𑘘
𑘓𑘰𑘩𑘰𑘪𑘰 𑘦𑘿𑘮𑘜𑘳𑘡 𑘝𑘹 𑘟𑘹𑘪𑘰𑘭 𑘁𑘯𑘪𑘲𑘝 𑘦𑘩𑘰 𑘢𑘰𑘝𑘻𑘯𑘹 𑘁𑘪𑘚𑘝 𑘦𑘿𑘮𑘜𑘳𑘡 𑘤𑘰𑘮𑘹𑘨 𑘮𑘲𑘽𑘚𑘰𑘪𑘧𑘰𑘭 𑘕𑘰𑘄𑘡
𑘝𑘽𑘪𑘭𑘹 𑘑𑘹𑘄𑘡 𑘁𑘩𑘹 𑘝𑘿𑘧𑘰𑘽𑘓𑘿𑘧𑘰𑘪𑘨 𑘨𑘰𑘐𑘰𑘪𑘳𑘡 𑘦𑘲 𑘕𑘰𑘜𑘰𑘨 𑘮𑘻𑘝𑘻 𑘦𑘲 𑘨𑘰𑘐𑘰𑘡𑘹 𑘢𑘳𑘡𑘿𑘮𑘰 𑘟𑘰𑘢𑘻𑘩𑘲𑘭
𑘡𑘲𑘑𑘳𑘡 𑘐𑘹𑘩𑘻 𑘀𑘭𑘹 𑘁𑘩𑘿𑘧𑘰𑘪𑘨 𑘝𑘿𑘧𑘰𑘽𑘡𑘲 𑘢𑘰𑘮𑘲𑘩𑘹 𑘀𑘭𑘝𑘹 𑘝𑘨 𑘝𑘿𑘧𑘰𑘽𑘓𑘲 𑘎𑘹𑘪𑘛𑘲 𑘡𑘲𑘨𑘰𑘫𑘰 𑘖𑘰𑘩𑘲 𑘀𑘭𑘝𑘲
𑘝𑘿𑘧𑘰 𑘢𑘿𑘨𑘹𑘦𑘯 𑘪 𑘞𑘻𑘨 𑘢𑘲𑘝𑘿𑘨𑘲𑘮𑘿𑘨𑘲𑘟𑘧𑘰𑘭 𑘎𑘲𑘝𑘲 𑘟𑘳𑘾𑘏 𑘖𑘰𑘩𑘹 𑘀𑘭𑘝𑘹 𑘮𑘲𑘓 𑘎𑘰 𑘁𑘢𑘩𑘿𑘧𑘰 𑘦𑘳𑘩𑘰𑘓𑘲
𑘢𑘲𑘝𑘿𑘨𑘲𑘥𑘎𑘿𑘝𑘲 𑘮𑘲𑘓 𑘎𑘰 𑘎𑘿𑘨𑘲𑘝𑘕𑘿𑘗𑘝𑘰 𑘮𑘹𑘓 𑘎𑘰 𑘢𑘿𑘨𑘹𑘦 𑘎𑘲 𑘟𑘻𑘡 𑘫𑘤𑘿𑘟𑘮𑘲 𑘝𑘿𑘧𑘰 𑘢𑘿𑘨𑘹𑘦𑘰𑘩𑘰 𑘪"
folio_047.png,"𑘮𑘻𑘃𑘩 𑘮𑘰 𑘀𑘪𑘝𑘰𑘨 𑘢𑘳𑘨𑘳𑘬𑘲 𑙁 𑘁𑘦𑘿𑘮𑘰𑘽 𑘟𑘲𑘭𑘝𑘭𑘹 𑘥𑘨𑘪𑘽𑘭𑘲𑘽 𑙁 𑘭𑘽𑘟𑘹𑘮 𑘡 𑘠𑘨𑘰𑘪𑘰 𑘦𑘰𑘡𑘭𑘲𑘽 𑙁 𑘦𑘿𑘮𑘜𑘻𑘡𑘲
𑘎𑘨𑘲𑘝𑘲 𑘡𑘦𑘭𑘿𑘎𑘰𑘨 𑙂𑙒𑙐𑙂
𑘦𑘿𑘮𑘜𑘝𑘲 𑘭𑘦𑘭𑘿𑘝 𑘟𑘿𑘪𑘲𑘕𑘪𑘨 𑙁 𑘭𑘰𑘽𑘐𑘝𑘲 𑘕𑘡𑘎𑘰𑘭𑘲 𑘄𑘝𑘿𑘝𑘨 𑙁 𑘧𑘰𑘓𑘹𑘡𑘲 𑘦𑘮𑘰𑘟𑘺𑘡𑘿𑘧 𑘮𑘨𑘹 𑙁 𑘥𑘹𑘜𑘹𑘽 𑘡𑘩𑘐𑘹
𑘎𑘯𑘲𑘎𑘰𑘯𑘰 𑙂𑙒𑙑𑙂
𑘝𑘳𑘦𑘓𑘹 𑘦𑘡𑘲𑘽 𑘕𑘹 𑘕𑘹 𑘪𑘰𑘭𑘡𑘰 𑙁 𑘭𑘨𑘿𑘪 𑘭𑘰𑘠𑘹𑘩 𑘡𑘲𑘨𑘿𑘐𑘳𑘜𑘰 𑙁 𑘧𑘰𑘝𑘹𑘽 𑘎𑘨𑘰𑘪𑘹𑘽 𑘮𑘻 𑘕𑘝𑘡𑘰 𑙁 𑘡𑘲𑘠𑘰𑘡 𑘁𑘩𑘹𑘽 𑘝𑘳𑘦𑘓𑘹 𑘑𑘨𑘰
𑙂𑙒𑙒𑙂
𑘋𑘭𑘹𑘽 𑘕𑘰𑘝𑘎 𑘪𑘨𑘿𑘝𑘪𑘻𑘡 𑙁 𑘭𑘰𑘽𑘐𑘝𑘰 𑘖𑘰𑘩𑘰 𑘪𑘲𑘟𑘿𑘪𑘕𑘿𑘕𑘡 𑙁 𑘕𑘡𑘎 𑘕𑘡𑘡𑘲 𑘭𑘽𑘝𑘻𑘬𑘻𑘡 𑙁 𑘟𑘹𑘝𑘲 𑘟𑘰𑘡"
folio_048.png,"𑘪𑘐𑘺𑘨𑘹 𑘎𑘲𑘝𑘲 𑘝𑘨𑘲 𑘥𑘕𑘡𑘹 𑘦𑘿𑘮𑘜𑘝 𑘁𑘦𑘿𑘮𑘲 𑘡𑘰𑘓𑘝 𑘀𑘭𑘳 𑘥𑘎𑘿𑘝𑘲𑘪𑘲𑘕𑘧𑘰𑘝𑘲𑘩 𑘡𑘲𑘨𑘡𑘲𑘨𑘰𑘯𑘿𑘧𑘰
𑘢𑘿𑘨𑘭𑘽𑘐𑘲𑘽𑘓𑘹 𑘠𑘰𑘪𑘹 𑘁𑘦𑘿𑘮𑘲 𑘢𑘰𑘙 𑘎𑘹𑘩𑘹 𑘮𑘻𑘝𑘹 𑘪 𑘝𑘹𑘮𑘲 𑘮𑘰𑘝 𑘕𑘻𑘚𑘳𑘡 𑘦𑘿𑘮𑘜𑘝 𑘀𑘭𑘳
𑘐𑘕𑘹𑘽𑘟𑘿𑘨𑘰𑘓𑘲 𑘋𑘎𑘳𑘡 𑘎𑘨𑘳𑘜𑘰
𑘭𑘝𑘿𑘪𑘨 𑘢𑘰𑘪𑘩𑘰𑘭𑘲 𑘕𑘐𑘕𑘿𑘕𑘲𑘪𑘡𑘰
𑘢𑘿𑘨𑘩𑘿𑘮𑘰𑘟𑘨𑘎𑘿𑘬𑘎𑘰 𑘦𑘡𑘦𑘻𑘮𑘡𑘰
𑘢𑘰𑘪𑘹 𑘁𑘝𑘰 𑘭𑘝𑘿𑘪𑘨
𑘟𑘿𑘨𑘼𑘢𑘟𑘲𑘩𑘕𑘿𑘕𑘰𑘡𑘲𑘪𑘰𑘨𑘜𑘰"
folio_049.png,"𑘦𑘐 𑘦𑘡𑘲𑘽 𑘪𑘲𑘓𑘰𑘨 𑘎𑘨𑘲 𑙁 𑘐𑘳𑘨𑘳𑘓𑘹 𑘫𑘹𑘝𑘲𑘽 𑘡 𑘓𑘛𑘹 𑘪𑘰𑘨𑘲 𑙁 𑘢𑘿𑘨𑘰𑘜 𑘝𑘿𑘧𑘕𑘲𑘡 𑘡𑘲𑘨𑘿𑘠𑘰𑘨𑘲𑘽 𑙁 𑘐𑘳𑘨𑘳𑘓𑘹
𑘪𑘿𑘨𑘲𑘝𑘿𑘝𑘲𑘡𑘲𑘦𑘲𑘝𑘿𑘝 𑙂𑙕𑙔𑙂
𑘡𑘲𑘫𑘿𑘓𑘧 𑘎𑘨𑘳𑘡𑘲 𑘦𑘰𑘡𑘭𑘲𑘽 𑙁 𑘦𑘡𑘲𑘽 𑘠𑘿𑘧𑘰𑘃 𑘫𑘿𑘨𑘲𑘐𑘳𑘨𑘳𑘭𑘲 𑙁 𑘦𑘿𑘮𑘜𑘹 𑘁𑘝𑘰𑘽 𑘄𑘢𑘰𑘧 𑘧𑘰𑘭𑘲 𑙁 𑘧𑘻𑘕𑘳𑘡𑘲 𑘧𑘝𑘿
𑘡 𑘎𑘨𑘰𑘪𑘰 𑙂𑙕𑙕𑙂
𑘑𑘰𑘩𑘲𑘝𑘰𑘽 𑘄𑘟𑘎𑘢𑘿𑘨𑘪𑘰𑘮𑘰𑘽𑘝 𑙁 𑘕𑘰𑘝𑘲 𑘢𑘰𑘬𑘰𑘜 𑘪𑘮𑘰𑘝 𑙁 𑘁𑘢𑘜 𑘁𑘚 𑘢𑘚𑘻𑘽 𑘦𑘿𑘮𑘜𑘝 𑙁 𑘡𑘲𑘨𑘿𑘠𑘰𑘨𑘲𑘩𑘹𑘽 𑘝𑘧𑘰
𑘪𑘹𑘯𑘲𑘽 𑙂𑙕𑙖𑙂
𑘟𑘻𑘡𑘿𑘮𑘲 𑘮𑘰𑘝𑘲𑘽 𑘠𑘨𑘲𑘽 𑘟𑘨𑘚𑘲 𑙁 𑘢𑘰𑘧 𑘘𑘹𑘎𑘲 𑘟𑘳𑘭𑘨𑘹𑘎𑘚𑘲 𑙁 𑘖𑘰𑘩𑘰 𑘁𑘢𑘜 𑘄𑘟𑘎𑘰𑘁𑘚 𑙁 𑘦𑘡𑘲𑘽"
folio_050.png,"𑘎𑘿𑘬𑘜 𑘊𑘎 𑘡𑘲𑘟𑘿𑘨𑘲𑘭𑘿𑘝 𑙁 𑘦𑘡𑘲 𑘫𑘿𑘨𑘲𑘐𑘳𑘨𑘳 𑘓𑘲𑘽𑘝𑘲𑘝 𑙁 𑘎𑘿𑘨𑘲𑘢𑘰𑘡𑘲𑘠𑘲 𑘀𑘡𑘽𑘝 𑙁 𑘟𑘲𑘭𑘹 𑘭𑘿𑘪𑘢𑘿𑘡𑘲 𑘢𑘨𑘲𑘧𑘹𑘭𑘰
𑙂𑙓𑙂
𑘨𑘳𑘢 𑘟𑘲𑘭𑘹 𑘭𑘳𑘬𑘳𑘢𑘿𑘝𑘲𑘝 𑙁 𑘕𑘘𑘰𑘠𑘰𑘨𑘲 𑘥𑘭𑘿𑘦𑘰𑘽𑘎𑘲𑘝 𑙁 𑘪𑘿𑘧𑘰𑘑𑘿𑘨𑘓𑘨𑘿𑘦 𑘢𑘨𑘲𑘠𑘰𑘡𑘲𑘝 𑙁 𑘢𑘲𑘝𑘰𑘽𑘤𑘨 𑘎𑘰𑘭𑘹 𑘟𑘹𑘏𑘰
𑙂𑙔𑙂
𑘧𑘹𑘄𑘡𑘲 𑘧𑘻𑘐𑘲𑘫𑘿𑘪𑘨 𑘕𑘪𑘯𑘲 𑙁 𑘥𑘭𑘿𑘦 𑘩𑘰𑘪𑘲𑘩𑘹 𑘎𑘢𑘰𑘯𑘲 𑙁 𑘁𑘫𑘿𑘪𑘰𑘭𑘳𑘡𑘲 𑘝𑘧𑘰 𑘪𑘹𑘯𑘲 𑙁 𑘀𑘥𑘧𑘎𑘨 𑘟𑘹𑘝𑘭𑘹
𑙂𑙕𑙂
𑘃𑘝𑘳𑘎𑘹 𑘟𑘹𑘏𑘻𑘡𑘲 𑘭𑘳𑘬𑘳𑘢𑘿𑘝𑘲𑘝 𑙁 𑘓𑘹𑘝𑘡 𑘖𑘰𑘩𑘰 𑘡𑘰𑘦𑘰𑘽𑘎𑘲𑘝 𑙁 𑘓𑘰𑘨𑘲 𑘟𑘲𑘫𑘰 𑘀𑘪𑘩𑘻𑘎𑘲𑘝 𑙁 𑘪𑘲𑘭𑘿𑘦𑘧 𑘎𑘨𑘲 𑘝𑘧𑘰"
folio_051.png,"𑘓𑘰𑘨𑘳 𑘝𑘳𑘖𑘰 𑘮𑘰 𑘦𑘯𑘰 𑘦𑘿𑘮𑘜𑘳𑘡 𑘁𑘪𑘚𑘹 𑘮𑘻
𑘓𑘲𑘝𑘿𑘨𑘰 𑘁𑘢𑘩𑘲 𑘎𑘰 𑘢𑘳𑘨𑘿𑘪𑘕𑘡𑘿𑘦𑘲𑘓𑘲 𑘌𑘯𑘏 𑘮𑘻𑘝𑘲 𑘢𑘳𑘨𑘿𑘪 𑘕𑘡𑘿𑘦𑘲𑘮𑘲 𑘎𑘰 𑘁𑘢𑘜 𑘊𑘎𑘦𑘹𑘎𑘰𑘽𑘓𑘰 𑘮𑘻𑘝𑘻
𑘁𑘢𑘜𑘰𑘭 𑘢𑘨𑘎𑘹𑘢𑘜𑘰 𑘀𑘐𑘟𑘲 𑘪𑘰𑘘𑘝 𑘡𑘰𑘮𑘲 𑘏𑘨𑘹 𑘎𑘲 𑘡𑘰𑘮𑘲
𑘮𑘻𑘧 𑘮𑘻 𑘓𑘰𑘨𑘳 𑘝𑘳𑘩𑘰 𑘕𑘜𑘳 𑘫𑘻𑘠𑘲𑘝 𑘦𑘲 𑘧𑘰 𑘤𑘰𑘕𑘳𑘩𑘰 𑘁𑘩𑘿𑘧𑘹
𑘝𑘳 𑘄𑘟𑘿𑘧𑘰 𑘑𑘨𑘲 𑘕𑘰𑘜𑘰𑘨 𑘡𑘰
𑘓𑘰𑘨𑘳 𑘁𑘝𑘰 𑘝𑘳𑘖𑘹 𑘑𑘨 𑘝𑘹 𑘦𑘰𑘖𑘹 𑘑𑘨
𑘀𑘐 𑘑𑘨𑘲 𑘦𑘿𑘮𑘜𑘕𑘹 𑘦𑘰𑘮𑘹𑘨𑘲"
folio_052.png,"𑘦𑘰𑘖𑘹 𑘝𑘨 𑘭𑘳𑘝 𑘝𑘳𑘘𑘝 𑘡𑘪𑘿𑘮𑘝𑘹 𑘫𑘿𑘧𑘰𑘦 𑘦𑘿𑘮𑘜𑘰𑘩𑘰
𑘝𑘳𑘦𑘓𑘹 𑘢𑘹𑘯𑘳 𑘢𑘮𑘲𑘩𑘹 𑘀𑘭𑘝𑘲𑘩 𑘥𑘲𑘎𑘰 𑘦𑘿𑘮𑘜𑘰𑘩𑘰
𑘡𑘰𑘮𑘲 𑘨𑘹 𑘁𑘕 𑘦𑘲 𑘎𑘰𑘢𑘳𑘭 𑘢𑘲𑘽𑘕𑘩𑘰 𑘝𑘿𑘧𑘰𑘓𑘹𑘓 𑘤𑘡𑘪𑘲𑘩𑘹𑘩𑘹 𑘢𑘹𑘯𑘳 𑘦𑘲 𑘦𑘰𑘖𑘿𑘧𑘰 𑘢𑘳𑘚𑘲𑘝 𑘙𑘹𑘪𑘩𑘹 𑘮𑘻𑘝𑘹
𑘦𑘲 𑘝𑘹 𑘤𑘟𑘩𑘩𑘹 𑘮𑘻𑘝𑘹 𑘦𑘰𑘖𑘿𑘧𑘰𑘕𑘪𑘯 𑘓𑘰𑘽𑘐𑘩𑘹 𑘢𑘹𑘯𑘳 𑘮𑘻𑘝𑘹 𑘝𑘹 𑘝𑘳𑘦𑘓𑘿𑘧𑘰 𑘢𑘳𑘚𑘲𑘝 𑘙𑘹𑘪𑘩𑘹 𑘪 𑘝𑘳𑘦𑘓𑘿𑘧𑘰 𑘢𑘹𑘯𑘳𑘽𑘓𑘹 𑘦𑘲
𑘭𑘳𑘝 𑘎𑘰𑘝𑘩𑘹 𑘝𑘳 𑘨𑘰𑘝𑘿𑘨𑘲 𑘭𑘳𑘝 𑘎𑘰𑘝𑘲𑘝 𑘤𑘭𑘝𑘻𑘭 𑘝𑘿𑘨𑘰𑘭 𑘮𑘻𑘃𑘩 𑘦𑘿𑘮𑘜𑘳𑘡 𑘤𑘟𑘩𑘩𑘹 𑘮𑘻𑘝𑘹 𑘐𑘻𑘪𑘲𑘽𑘟𑘰 𑘦𑘿𑘮𑘜𑘰𑘩𑘰
𑘫𑘿𑘧𑘰𑘦 𑘝𑘳 𑘨𑘰𑘝𑘿𑘨𑘲 𑘕𑘰𑘐𑘝𑘻𑘭 𑘮𑘹 𑘓𑘰𑘽𑘐𑘩𑘹 𑘡𑘰𑘮𑘲 𑘨𑘰𑘦 𑘦𑘿𑘮𑘜𑘰𑘩𑘰
𑘖𑘻𑘢 𑘧𑘹𑘝 𑘡𑘰𑘮𑘲 𑘝𑘨 𑘎𑘰𑘧 𑘎𑘨𑘳 𑘡𑘳𑘭𑘝𑘹 𑘢𑘚𑘳𑘡 𑘨𑘰𑘮𑘜𑘿𑘧𑘰𑘢𑘹𑘎𑘿𑘬𑘰 𑘭𑘳𑘝 𑘎𑘰𑘝𑘲𑘝 𑘤𑘭𑘝𑘻 𑘫𑘿𑘧𑘰𑘦 𑘦𑘿𑘮𑘜𑘰𑘩𑘰"
folio_053.png,"𑘓𑘲𑘝𑘿𑘨𑘰 𑘧𑘹 𑘁𑘢𑘜 𑘟𑘻𑘪𑘽𑘕𑘜𑘽 𑘦𑘲𑘯𑘳𑘡 𑘟𑘯𑘳 𑘧𑘹 𑘨𑘚𑘳 𑘡𑘎𑘻𑘭 𑘁𑘝𑘰 𑘮𑘭
𑘓𑘰𑘨𑘳 𑘡𑘎𑘻 𑘝𑘳 𑘕𑘰 𑘭𑘰𑘭𑘳𑘤𑘰𑘃 𑘨𑘰𑘐𑘰𑘪𑘝𑘲𑘩 𑘦𑘰𑘖𑘲 𑘩𑘰𑘕 𑘨𑘰𑘏 𑘕𑘰
𑘦𑘲 𑘡𑘰𑘮𑘲 𑘕𑘰𑘜𑘰𑘨 𑘦𑘲 𑘝𑘳𑘩𑘰 𑘮𑘰𑘝 𑘩𑘰𑘪𑘜𑘰𑘨
𑘡𑘎𑘻 𑘨𑘹 𑘓𑘰𑘨𑘳 𑘦𑘰𑘖𑘲 𑘣𑘕𑘲𑘝𑘲 𑘎𑘰 𑘎𑘨𑘰𑘧𑘓𑘲 𑘁𑘮𑘹 𑘐𑘚𑘲𑘦𑘰𑘜𑘭𑘹 𑘧𑘹𑘝𑘲𑘩 𑘦𑘻𑘩𑘎𑘨𑘜𑘲 𑘧𑘹𑘝𑘲𑘩 𑘦𑘩𑘰
𑘮𑘭𑘝𑘲𑘩 𑘦𑘿𑘮𑘜𑘝𑘲𑘩 𑘝𑘿𑘧𑘰𑘽𑘡𑘰 𑘟𑘯𑘰𑘧𑘩𑘰 𑘤𑘭𑘪𑘩𑘽 𑘕𑘰 𑘮𑘻 𑘓𑘰𑘨𑘳 𑘝𑘳𑘖𑘹 𑘦𑘰𑘖𑘿𑘧𑘰𑘪𑘨 𑘢𑘿𑘨𑘹𑘦 𑘁𑘮𑘹 𑘝𑘹
𑘟𑘯𑘰𑘧𑘩𑘰 𑘩𑘰𑘐𑘳𑘡 𑘡𑘎𑘻 𑘮𑘻 𑘟𑘰𑘏𑘪𑘰𑘧𑘩𑘰 𑘕𑘰 𑘕𑘰
𑘦𑘲 𑘕𑘰𑘜𑘰𑘨 𑘡𑘰𑘮𑘲 𑘑𑘰𑘩 𑘟𑘰𑘜𑘹"
folio_054.png,"𑘕𑘘𑘰𑘦𑘳𑘎𑘳𑘘𑘲𑘽 𑘝𑘲𑘨𑘿𑘞𑘹𑘫𑘿𑘪𑘨 𑙁 𑘠𑘨𑘲𑘩𑘲 𑘮𑘻𑘝𑘲 𑘢𑘿𑘨𑘲𑘝𑘲𑘎𑘨 𑙁 𑘦𑘲𑘯𑘻𑘡𑘲 𑘭𑘦𑘭𑘿𑘝 𑘨𑘲𑘬𑘲𑘫𑘿𑘪𑘨 𑙁 𑘄𑘢𑘰𑘧 𑘎𑘹𑘩𑘰
𑘢𑘨𑘲𑘧𑘹𑘭𑘰 𑙂𑙖𑙓𑙂
𑘤𑘿𑘨𑘮𑘿𑘦𑘨𑘲𑘬𑘲 𑘐𑘼𑘝𑘦 𑘟𑘹𑘏𑘰 𑙁 𑘝𑘢𑘭𑘿𑘪𑘲 𑘀𑘭𑘹 𑘪𑘲𑘫𑘹𑘬𑘰 𑙁 𑘪𑘿𑘨𑘲𑘮𑘲 𑘢𑘹𑘨𑘲𑘩𑘹 𑘪𑘿𑘨𑘲𑘝𑘿𑘝𑘲𑘽 𑘋𑘎𑘰 𑙁 𑘀𑘡𑘳𑘬𑘿
𑘙𑘰𑘡𑘭𑘿𑘞𑘰𑘡𑘰𑘕𑘪𑘯𑘲 𑙂𑙖𑙔𑙂
𑘢𑘳𑘨𑘿𑘪𑘲 𑘦𑘳𑘡𑘲 𑘭𑘎𑘯𑘲 𑙁 𑘡𑘲𑘝𑘿𑘧 𑘢𑘹𑘨𑘳𑘡𑘲 𑘢𑘲𑘎𑘪𑘲𑘝𑘲 𑘭𑘰𑘯𑘲 𑙁 𑘋𑘭𑘹 𑘝𑘿𑘧𑘰𑘽𑘓𑘹 𑘦𑘽𑘝𑘿𑘨 𑘤𑘯𑘲 𑙁 𑘦𑘮𑘰𑘢𑘳𑘜𑘿𑘧𑘢𑘳𑘨𑘳𑘬
𑘀𑘭𑘝𑘲 𑙂𑙖𑙕𑙂
𑘭𑘦𑘭𑘿𑘝 𑘨𑘲𑘬𑘲 𑘦𑘲𑘯𑘻𑘡𑘲 𑙁 𑘪𑘲𑘓𑘰𑘨 𑘎𑘨𑘲𑘝𑘲 𑘁𑘢𑘳𑘩𑘹 𑘦𑘡𑘲𑘽 𑙁 𑘨𑘲𑘬𑘲𑘐𑘼𑘝𑘦 𑘦𑘮𑘰𑘦𑘳𑘡𑘲 𑙁 𑘭𑘨𑘿𑘪𑘹𑘫𑘿𑘪𑘨𑘰𑘓𑘰"
folio_055.png,"𑘪𑘚𑘲𑘩 𑘑𑘨𑘰𑘝 𑘁𑘩𑘹 𑘝𑘳𑘦𑘿𑘮𑘰𑘽 𑘤𑘰𑘧𑘎𑘰𑘽𑘡𑘰 𑘎𑘪𑘚𑘲𑘓𑘲 𑘀𑘎𑘿𑘎𑘩 𑘡𑘭𑘝𑘹 𑘝𑘳𑘦𑘿𑘮𑘰𑘽𑘩𑘰 𑘎𑘰𑘮𑘲 𑘭𑘦𑘕𑘝 𑘡𑘰𑘮𑘲
𑘭𑘎𑘰𑘯𑘢𑘰𑘭𑘳𑘡 𑘎𑘲𑘝𑘲 𑘕𑘢𑘳𑘡 𑘝𑘿𑘧𑘰𑘓𑘿𑘧𑘰𑘕𑘪𑘯 𑘦𑘲 𑘪𑘰𑘐𑘝 𑘮𑘻𑘝𑘻 𑘝𑘿𑘧𑘰𑘓𑘲 𑘦𑘡𑘠𑘨𑘜𑘲 𑘎𑘨𑘲𑘝 𑘮𑘻𑘝𑘻
𑘓𑘳𑘩𑘲𑘕𑘪𑘯 𑘣𑘳𑘽𑘎𑘲𑘝 𑘤𑘭𑘰𑘪𑘹 𑘊𑘪𑘛𑘹𑘓 𑘝𑘳𑘦𑘓𑘹 𑘎𑘰𑘦 𑘄𑘟𑘿𑘧𑘰𑘓𑘹 𑘦𑘨𑘜 𑘝𑘳𑘦𑘿𑘮𑘲 𑘁𑘕 𑘌𑘛𑘪𑘳𑘡 𑘑𑘿𑘧𑘰𑘩
𑘨𑘰𑘐𑘰𑘡𑘹 𑘎𑘰 𑘎𑘻𑘜𑘝𑘹 𑘎𑘰𑘦 𑘮𑘻𑘝 𑘀𑘭𑘝𑘹 𑘐𑘻𑘚𑘲𑘐𑘳𑘩𑘰𑘤𑘲𑘡𑘹 𑘑𑘿𑘧𑘰𑘪𑘹 𑘩𑘰𑘐𑘝𑘹 𑘁𑘦𑘓𑘲 𑘎𑘫𑘲 𑘌𑘛𑘰𑘝𑘰𑘜 𑘮𑘻𑘝
𑘀𑘭𑘹𑘩 𑘝𑘿𑘧𑘰𑘓𑘲 𑘝𑘳𑘦𑘿𑘮𑘰𑘩𑘰 𑘎𑘰𑘧 𑘎𑘩𑘿𑘢𑘡𑘰 𑘪𑘚𑘲𑘩 𑘁𑘃𑘩𑘰 𑘤𑘻𑘩𑘳 𑘩𑘰𑘐𑘩𑘹
𑘢𑘟𑘻𑘢𑘟𑘲 𑘀𑘢𑘦𑘰𑘡 𑘎𑘨𑘳𑘡 𑘑𑘹𑘜𑘿𑘧𑘰𑘢𑘹𑘎𑘿𑘬𑘰 𑘁𑘕 𑘦𑘹𑘩𑘹𑘩𑘹 𑘎𑘰𑘧 𑘪𑘰𑘃𑘘 𑘎𑘳𑘝𑘿𑘨𑘿𑘧𑘰𑘭𑘰𑘨𑘏𑘹
𑘮𑘲𑘚𑘲𑘭𑘣𑘲𑘚𑘲𑘭 𑘎𑘨𑘳𑘡 𑘑𑘹𑘄𑘡 𑘕𑘐𑘜𑘿𑘧𑘰𑘝 𑘎𑘰𑘧 𑘐𑘻𑘚𑘲 𑘄𑘟𑘿𑘧𑘰𑘢𑘹𑘎𑘿𑘬𑘰 𑘁𑘕𑘓 𑘦𑘨𑘜𑘹 𑘦𑘿𑘮𑘜𑘕𑘹 𑘭𑘻𑘡𑘹"
folio_056.png,"𑘐𑘻𑘪𑘲𑘽𑘟𑘰 𑘨𑘰𑘦 𑘡𑘰𑘦𑘟𑘹𑘪 𑘭𑘰𑘨𑘹 𑘝𑘿𑘧𑘰𑘓𑘿𑘧𑘰𑘕𑘪𑘯 𑘁𑘩𑘹
𑘫𑘿𑘧𑘰𑘦 𑘎𑘰𑘧 𑘁𑘮𑘹 𑘝𑘳𑘖𑘿𑘧𑘰 𑘮𑘰𑘝𑘰𑘽𑘝 𑘣𑘳𑘩 𑘎𑘰 𑘨𑘰𑘦𑘡𑘹 𑘪𑘲𑘓𑘰𑘨𑘩𑘹
𑘀𑘨𑘹 𑘣𑘳𑘩𑘰𑘩𑘰 𑘦𑘰𑘖𑘹 𑘦𑘩𑘲𑘡 𑘪 𑘢𑘰𑘢𑘲 𑘮𑘰𑘝 𑘦𑘲 𑘎𑘠𑘲 𑘩𑘰𑘪𑘝𑘻 𑘎𑘰 𑘦𑘲 𑘟𑘳𑘨𑘳𑘡𑘓 𑘝𑘿𑘧𑘰𑘩𑘰 𑘮𑘰𑘝 𑘕𑘻𑘚𑘲𑘝
𑘀𑘭𑘝𑘻 𑘫𑘿𑘧𑘰𑘦 𑘦𑘿𑘮𑘜𑘰𑘩𑘰
𑘦𑘐 𑘎𑘰𑘧 𑘁𑘮𑘹 𑘮𑘰𑘝𑘰𑘽𑘝 𑘡𑘰𑘦𑘟𑘹𑘪𑘰𑘡𑘹 𑘪𑘲𑘓𑘰𑘨𑘩𑘹
𑘟𑘹𑘪𑘰𑘓𑘿𑘧𑘰 𑘦𑘳𑘨𑘿𑘝𑘲 𑘫𑘿𑘧𑘰𑘦 𑘦𑘿𑘮𑘜𑘰𑘩𑘰
𑘝𑘳𑘦𑘓𑘲 𑘐𑘜𑘢𑘝𑘲𑘓𑘲 𑘦𑘳𑘨𑘿𑘝𑘲 𑘝𑘨 𑘝𑘳𑘦𑘿𑘮𑘲 𑘟𑘹𑘄𑘡 𑘘𑘰𑘎𑘩𑘲 𑘡𑘰 𑘤𑘰𑘤𑘳𑘩𑘰 𑘥𑘲𑘎𑘰𑘡𑘹 𑘪𑘲𑘓𑘰𑘨𑘩𑘹"
folio_057.png,"𑘕𑘻 𑘀𑘭𑘹𑘩 𑘦𑘿𑘨𑘲𑘝𑘿𑘧𑘳𑘭𑘲 𑘕𑘲𑘽𑘎𑘲𑘝 𑙁 𑘝𑘿𑘧𑘰𑘜𑘹𑘽 𑘡𑘲𑘫𑘿𑘓𑘧𑘰𑘪𑘹𑘽 𑘫𑘨𑘲𑘨 𑘡𑘲𑘝𑘿𑘧 𑙁 𑘝𑘿𑘧𑘰𑘭𑘲 𑘝𑘳𑘖𑘰 𑘄𑘢𑘟𑘹𑘫
𑘭𑘝𑘿𑘧 𑙁 𑘦𑘿𑘮𑘜𑘹 𑘎𑘨𑘲𑘡 𑘠𑘨𑘿𑘦 𑘢𑘳𑘛𑘹𑘽 𑙂𑙕𑙂
𑘀𑘮𑘻𑘨𑘰𑘝𑘿𑘨𑘲𑘽 𑘁𑘧𑘳𑘬𑘿𑘧 𑘄𑘜𑘹𑘽 𑙁 𑘮𑘻𑘝 𑘀𑘭𑘝𑘹𑘽 𑘎𑘿𑘬𑘜𑘎𑘿𑘬𑘜𑘹𑘽 𑙁 𑘎𑘨𑘰𑘪𑘰 𑘠𑘨𑘿𑘦 𑘧𑘰𑘓𑘲𑘎𑘰𑘨𑘜𑘹𑘽 𑙁
𑘢𑘳𑘨𑘿𑘪𑘪𑘧𑘹𑘭𑘲𑘽 𑘢𑘨𑘲𑘧𑘹𑘭𑘰 𑙂𑙖𑙂
𑘀𑘩𑘿𑘢𑘻𑘟𑘎𑘲𑘽 𑘕𑘺𑘭𑘰 𑘦𑘝𑘿𑘭𑘿𑘧 𑙁 𑘝𑘺𑘭𑘹𑘽 𑘦𑘡𑘳𑘬𑘿𑘧 𑘀𑘩𑘿𑘢𑘰𑘧𑘳𑘬𑘿𑘧 𑙁 𑘕𑘽𑘪𑘪𑘨𑘲 𑘀𑘭𑘹 𑘢𑘿𑘨𑘰𑘜𑘲 𑘭𑘳𑘨𑘭 𑙁 𑘠𑘨𑘿𑘦
𑘎𑘨𑘰𑘪𑘰 𑘢𑘨𑘲𑘧𑘹𑘭𑘰 𑙂𑙗𑙂
𑘕𑘺𑘭𑘰 𑘭𑘳𑘨𑘿𑘧𑘰𑘓𑘰 𑘨𑘞 𑘓𑘰𑘩𑘹 𑙁 𑘡𑘲𑘦𑘲𑘬 𑘮𑘻𑘝𑘰𑘽 𑘫𑘲𑘑𑘿𑘨𑘎𑘰𑘯𑘹𑘽 𑙁 𑘤𑘰𑘪𑘲𑘭 𑘭𑘮𑘭𑘿𑘝𑘿𑘨 𑘐𑘰𑘽𑘪 𑘢𑘯𑘹 𑙁 𑘝𑘺𑘭𑘹𑘽"
folio_058.png,"𑘎𑘠𑘲 𑘎𑘠𑘲 𑘦𑘝𑘽𑘐 𑘨𑘲𑘬𑘲𑘽𑘓𑘿𑘧𑘰 𑘤𑘨𑘻𑘤𑘨 𑘫𑘤𑘨𑘲 𑘃𑘝𑘨 𑘞𑘻𑘨 𑘨𑘲𑘬𑘲𑘽𑘓𑘿𑘧𑘰 𑘁𑘫𑘿𑘨𑘦𑘰𑘝𑘮𑘲 𑘕𑘰𑘝 𑘀𑘭𑘹
𑘫𑘤𑘨𑘲𑘓𑘲 𑘕𑘲𑘪𑘡𑘎𑘞𑘰 𑘝𑘲𑘓𑘹 𑘪𑘺𑘨𑘰𑘐𑘿𑘧 𑘝𑘲𑘓𑘹 𑘕𑘿𑘗𑘰𑘡 𑘪 𑘝𑘲𑘓𑘲 𑘫𑘰𑘽𑘝 𑘦𑘳𑘟𑘿𑘨𑘰 𑘮𑘹 𑘢𑘰𑘮𑘳𑘡 𑘨𑘲𑘬𑘲
𑘪𑘲𑘭𑘿𑘦𑘲𑘝 𑘮𑘻𑘝 𑘪 𑘝𑘹 𑘝𑘲𑘓𑘿𑘧𑘰𑘤𑘟𑘿𑘟𑘩 𑘢𑘳𑘕𑘿𑘧 𑘥𑘰𑘪 𑘪𑘿𑘧𑘎𑘿𑘝 𑘎𑘨𑘲𑘝 𑘨𑘲𑘬𑘲𑘢𑘝𑘿𑘡𑘲𑘽𑘕𑘪𑘯 𑘫𑘤𑘨𑘲
𑘓𑘨𑘰𑘓𑘨𑘰𑘝 𑘥𑘨𑘩𑘹𑘩𑘿𑘧𑘰 𑘢𑘿𑘨𑘹𑘦𑘦𑘧 𑘢𑘨𑘦𑘹𑘫𑘿𑘪𑘨𑘰𑘽𑘭𑘽𑘤𑘽𑘠𑘲 𑘤𑘻𑘩𑘳 𑘩𑘰𑘐𑘩𑘲 𑘦𑘿𑘮𑘜𑘕𑘹 𑘨𑘲𑘬𑘲𑘢𑘝𑘿𑘡𑘲 𑘓𑘎𑘲𑘝
𑘮𑘻𑘝 𑘪 𑘫𑘤𑘨𑘲𑘓𑘿𑘧𑘰 𑘢𑘰𑘧𑘰𑘩𑘰 𑘝𑘿𑘧𑘰𑘽𑘓𑘹 𑘮𑘰𑘝 𑘕𑘻𑘚𑘩𑘹 𑘕𑘰𑘝
𑘦𑘝𑘽𑘐 𑘨𑘲𑘬𑘲 𑘁𑘝𑘰 𑘪𑘿𑘨𑘲𑘟𑘿𑘠 𑘖𑘰𑘩𑘹 𑘪 𑘝𑘿𑘧𑘰𑘽𑘓𑘲 𑘢𑘝𑘿𑘡𑘲𑘮𑘲 𑘪𑘿𑘨𑘲𑘟𑘿𑘠 𑘖𑘰𑘩𑘲 𑘟𑘻𑘑𑘹𑘮𑘲 𑘢𑘲𑘎𑘩𑘲 𑘢𑘰𑘡𑘹
𑘖𑘰𑘩𑘲 𑘮𑘻𑘝𑘲 𑘁𑘝𑘰 𑘭𑘨𑘿𑘪 𑘎𑘰𑘦𑘠𑘰𑘦 𑘫𑘤𑘨𑘲𑘓 𑘎𑘨𑘲 𑘭𑘹𑘪𑘰 𑘮𑘰𑘓 𑘝𑘲𑘓𑘰 𑘁𑘡𑘽𑘟 𑘮𑘻𑘝𑘰 𑘨𑘰𑘝𑘿𑘨𑘲𑘓𑘿𑘧𑘰 𑘪𑘹𑘯𑘲"
folio_059.png,"𑘝𑘿𑘧𑘰 𑘟𑘲𑘪𑘫𑘲 𑘐𑘽𑘐𑘳𑘀𑘢𑘿𑘢𑘰 𑘌𑘎𑘰𑘽𑘎𑘚𑘹 𑘭𑘦𑘰𑘨𑘰𑘠𑘡𑘰 𑘮𑘻𑘝𑘲 𑘝𑘿𑘧𑘰𑘽𑘓𑘰 𑘁𑘦𑘓𑘰 𑘣𑘰𑘨 𑘑𑘨𑘻𑘤𑘰 𑘁𑘦𑘓𑘿𑘧𑘰𑘎𑘚𑘹
𑘁𑘦𑘽𑘝𑘿𑘨𑘜 𑘮𑘻𑘝𑘹 𑘦𑘰𑘖𑘹 𑘪𑘚𑘲𑘩 𑘤𑘰𑘮𑘹𑘨𑘐𑘰𑘪𑘲 𑘐𑘹𑘩𑘹𑘩𑘹 𑘮𑘻𑘝𑘹 𑘟𑘳𑘭 𑘧𑘰𑘓𑘿𑘧𑘰 𑘑𑘨𑘲 𑘕𑘹𑘪𑘰𑘪𑘧𑘰𑘭 𑘕𑘰𑘜𑘿𑘧𑘰𑘓𑘲
𑘦𑘩𑘰 𑘩𑘮𑘰𑘡𑘢𑘜𑘰𑘢𑘰𑘭𑘳𑘡𑘓 𑘩𑘰𑘕 𑘪𑘰𑘘𑘝 𑘀𑘭𑘹 𑘢𑘨𑘽𑘝𑘳 𑘎𑘻𑘜𑘲 𑘝𑘨𑘲 𑘐𑘹𑘩𑘹𑘓 𑘢𑘰𑘮𑘲𑘕𑘹 𑘮𑘻𑘝𑘹 𑘮𑘕𑘹𑘨𑘲
𑘩𑘰𑘐𑘩𑘲𑘓 𑘢𑘰𑘮𑘲𑘕𑘹 𑘡𑘰𑘮𑘲 𑘝𑘨 𑘝𑘻 𑘄𑘨𑘿𑘦𑘘𑘢𑘜𑘰 𑘦𑘰𑘕𑘻𑘨𑘹𑘢𑘜𑘰 𑘟𑘲𑘭𑘩𑘰 𑘀𑘭𑘝𑘰 𑘝𑘿𑘧𑘰𑘽𑘓𑘹 𑘦𑘡 𑘟𑘳𑘏𑘪𑘲𑘩𑘹
𑘀𑘭𑘹 𑘖𑘰𑘩𑘹 𑘀𑘭𑘝𑘹 𑘪𑘚𑘲𑘩 𑘑𑘨𑘲 𑘡𑘭𑘩𑘿𑘧𑘰𑘦𑘳𑘯𑘹 𑘦𑘰𑘖𑘿𑘧𑘰𑘪𑘨 𑘕𑘹𑘪𑘰𑘪𑘧𑘰𑘭 𑘕𑘰𑘜𑘿𑘧𑘰𑘓𑘲 𑘢𑘰𑘯𑘲 𑘁𑘩𑘲
𑘟𑘳𑘢𑘰𑘨𑘲 𑘭𑘿𑘡𑘰𑘡 𑘭𑘰𑘽𑘐𑘜𑘹 𑘁𑘩𑘹 𑘪 𑘞𑘻𑘚𑘧𑘰 𑘪𑘹𑘯𑘰𑘡𑘹 𑘦𑘲 𑘕𑘹𑘪𑘰𑘪𑘧𑘰𑘭 𑘐𑘹𑘩𑘻 𑘎𑘜𑘹𑘨𑘰𑘽𑘐𑘻𑘯𑘧𑘰 𑘑𑘰𑘝𑘩𑘿𑘧𑘰
𑘮𑘻𑘝𑘿𑘧𑘰 𑘎𑘹𑘯𑘲𑘓𑘲 𑘭𑘳𑘽𑘟𑘨 𑘢𑘰𑘡𑘹 𑘮𑘻𑘝𑘲 𑘦𑘲 𑘊𑘎𑘰 𑘁𑘐𑘻𑘝𑘩𑘲𑘪𑘨 𑘕𑘰𑘄𑘡 𑘤𑘭𑘩𑘻 𑘄𑘟𑘤𑘝𑘿𑘝𑘿𑘧𑘰𑘽𑘓𑘰"
folio_060.png,"𑘦𑘲 𑘢𑘰𑘧 𑘪𑘐𑘺𑘨𑘹 𑘠𑘳𑘝𑘩𑘹 𑘪 𑘓𑘳𑘩𑘲𑘢𑘰𑘫𑘲 𑘁𑘃𑘕𑘪𑘯 𑘤𑘭𑘩𑘻 𑘮𑘻𑘝𑘻 𑘀𑘜𑘿𑘜𑘰 𑘐𑘻𑘬𑘿𑘘 𑘭𑘰𑘽𑘐 𑘡𑘰𑘮𑘲 𑘝𑘨 𑘊𑘎
𑘡𑘪𑘲𑘡 𑘫𑘿𑘩𑘻𑘎 𑘫𑘲𑘎𑘪 𑘀𑘭𑘹 𑘩𑘮𑘰𑘡 𑘥𑘰𑘄 𑘦𑘩𑘰 𑘦𑘿𑘮𑘜𑘝 𑘮𑘻𑘝𑘹 𑘃𑘝𑘎𑘿𑘧𑘰𑘝 𑘪𑘚𑘲𑘩 𑘤𑘰𑘮𑘹𑘨𑘳𑘡 𑘁𑘩𑘹 𑘝𑘹
𑘎𑘻𑘙𑘳𑘡 𑘝𑘨𑘲 𑘝𑘿𑘨𑘭𑘿𑘝 𑘮𑘻𑘄𑘡 𑘁𑘩𑘹 𑘮𑘻𑘝𑘹 𑘦𑘩𑘰 𑘢𑘰𑘮𑘳𑘡 𑘡𑘹𑘮𑘦𑘲𑘢𑘿𑘨𑘦𑘰𑘜𑘹 𑘝𑘿𑘧𑘰𑘽𑘡𑘰 𑘁𑘡𑘽𑘟 𑘖𑘰𑘩𑘰 𑘡𑘰𑘮𑘲 𑘝𑘹
𑘎𑘰𑘮𑘲 𑘤𑘻𑘩𑘩𑘹 𑘡𑘰𑘮𑘲𑘝 𑘤𑘰𑘮𑘹𑘨 𑘢𑘰𑘧 𑘠𑘳𑘄𑘡 𑘁𑘩𑘹 𑘪 𑘭𑘽𑘠𑘿𑘧𑘹𑘩𑘰 𑘤𑘭𑘩𑘹
𑘎𑘰 𑘨𑘹 𑘭𑘽𑘠𑘿𑘧𑘰 𑘪𑘐𑘺𑘨𑘹 𑘖𑘰𑘩𑘲 𑘎𑘰 𑘝𑘳𑘖𑘲 𑘝𑘿𑘧𑘰𑘽𑘡𑘲 𑘦𑘩𑘰 𑘪𑘲𑘓𑘰𑘨𑘩𑘹 𑘝𑘿𑘧𑘰 𑘪𑘹𑘯𑘹𑘭 𑘦𑘲 𑘭𑘽𑘠𑘿𑘧𑘰 𑘎𑘨𑘲𑘝 𑘀𑘭𑘹
𑘭𑘽𑘠𑘿𑘧𑘹𑘓𑘰 𑘀𑘨𑘿𑘞 𑘦𑘩𑘰 𑘭𑘦𑘕𑘝 𑘡𑘭𑘹 𑘝𑘨𑘲 𑘝𑘽𑘝𑘿𑘨 𑘎𑘨𑘲𑘝 𑘀𑘭𑘹 𑘪 𑘝𑘻𑘽𑘚𑘰𑘡𑘹 𑘢𑘳𑘘𑘢𑘳𑘘𑘝 𑘀𑘭𑘹 𑘡𑘰𑘮𑘲 𑘎𑘹𑘩𑘲
𑘎𑘨𑘝𑘻 𑘦𑘲 𑘦𑘿𑘮𑘘𑘩𑘹"
folio_061.png,"𑘦𑘦𑘝𑘿𑘪 𑘞𑘻𑘨 𑘤𑘰𑘯𑘎𑘰𑘪𑘨𑘲 𑙁 𑘢𑘿𑘨𑘝𑘲𑘢𑘰𑘯 𑘎𑘨𑘲𑘝𑘲 𑘢𑘿𑘨𑘲𑘝𑘲𑘎𑘨𑘲𑘽 𑙁 𑘦𑘰𑘝𑘰 𑘦𑘿𑘮𑘜𑘝𑘭𑘹 𑘧𑘹𑘨𑘲 𑙁 𑘡 𑘢𑘳𑘨𑘹
𑘎𑘿𑘬𑘲𑘨 𑘤𑘰𑘯𑘎𑘰𑘭𑘲 𑙂𑙓𑙑𑙂
𑘢𑘝𑘲𑘭𑘲 𑘦𑘿𑘮𑘜𑘹 𑘝𑘧𑘹 𑘪𑘹𑘯𑘰𑘽 𑙁 𑘭𑘿𑘝𑘡𑘲𑘽 𑘟𑘳𑘠 𑘞𑘻𑘚𑘹𑘽 𑘤𑘰𑘯𑘰 𑙁 𑘊𑘏𑘰𑘟𑘲 𑘦𑘲𑘯𑘪𑘰 𑘎𑘰𑘽 𑘀𑘤𑘯𑘰 𑙁 𑘭𑘿𑘝𑘡𑘢𑘰𑘡
𑘟𑘹𑘪𑘪𑘳𑘽 𑙂𑙓𑙒𑙂
𑘀𑘞𑘪𑘰 𑘁𑘜𑘰 𑘦𑘹𑘬𑘲 𑘊𑘎 𑙁 𑘁𑘢𑘳𑘩𑘹 𑘭𑘿𑘝𑘡𑘹𑘽 𑘡 𑘫𑘦𑘹 𑘥𑘳𑘎 𑙁 𑘋𑘎𑘻𑘡𑘲 𑘮𑘰𑘽𑘭𑘹 𑘤𑘰𑘯𑘎 𑙁 𑘭𑘿𑘢𑘨𑘿𑘫 𑘎𑘨𑘲
𑘭𑘿𑘝𑘡𑘰𑘭𑘲 𑘭𑘪𑘿𑘧𑘎𑘨 𑙂𑙓𑙓𑙂
𑘭𑘿𑘝𑘡𑘲𑘽 𑘭𑘿𑘢𑘨𑘿𑘫 𑘮𑘻𑘝𑘰𑘽𑘓𑘲 𑘎𑘨 𑙁 𑘤𑘝𑘿𑘝𑘲𑘭 𑘠𑘰𑘨𑘰 𑘪𑘰𑘮𑘹 𑘎𑘿𑘬𑘲𑘨 𑙁 𑘪𑘭𑘿𑘝𑘿𑘨 𑘥𑘲𑘕𑘻𑘡𑘲 𑘪𑘲𑘓𑘲𑘝𑘿𑘨 𑙁 𑘪𑘰𑘮𑘻𑘽"
folio_062.png,"𑘝𑘿𑘧𑘰 𑘐𑘰𑘪𑘰𑘝𑘲𑘩 𑘭𑘰𑘨𑘹 𑘐𑘻𑘨𑘐𑘨𑘲𑘤 𑘎𑘹𑘫𑘪𑘓𑘽𑘟𑘿𑘨𑘰𑘽𑘓𑘿𑘧𑘰 𑘡𑘰𑘪𑘹 𑘏𑘚𑘹 𑘣𑘻𑘚𑘲𑘝 𑘮𑘻𑘝𑘹 𑘢𑘨𑘽𑘝𑘳 𑘎𑘨𑘝𑘰𑘝
𑘎𑘰𑘧
𑘧𑘰 𑘢𑘿𑘨𑘰𑘽𑘝𑘰𑘓𑘰 𑘨𑘰𑘕𑘰 𑘟𑘼𑘬𑘿𑘧𑘰𑘪𑘨 𑘡𑘲𑘑𑘰𑘩𑘰 𑘮𑘻𑘝𑘰 𑘎𑘹𑘫𑘪𑘓𑘽𑘟𑘿𑘨𑘰𑘡𑘹 𑘪𑘫𑘲𑘩𑘰 𑘩𑘰𑘪𑘳𑘡 𑘨𑘰𑘕𑘰 𑘁𑘢𑘩𑘿𑘧𑘰
𑘐𑘰𑘪𑘲 𑘧𑘹𑘃𑘩 𑘀𑘭𑘹 𑘎𑘹𑘩𑘹 𑘐𑘰𑘪 𑘫𑘿𑘨𑘲𑘽𑘐𑘰𑘨𑘜𑘿𑘧𑘰𑘝 𑘁𑘩𑘰 𑘁𑘜𑘲 𑘊𑘎 𑘭𑘳𑘽𑘟𑘨 𑘭𑘥𑘰𑘦𑘽𑘚𑘢
𑘄𑘥𑘰𑘨𑘜𑘿𑘧𑘰𑘝 𑘁𑘩𑘰 𑘝𑘹𑘞𑘹 𑘨𑘰𑘕𑘰𑘭𑘰𑘙𑘲 𑘭𑘲𑘽𑘮𑘰𑘭𑘡 𑘝𑘧𑘰𑘨 𑘎𑘨𑘜𑘿𑘧𑘰𑘝 𑘁𑘩𑘹 𑘮𑘻𑘝𑘹 𑘨𑘰𑘕𑘰𑘓𑘿𑘧𑘰
𑘭𑘝𑘿𑘎𑘰𑘨𑘭𑘦𑘰𑘨𑘽𑘥𑘰𑘭𑘰𑘙𑘲 𑘁𑘕𑘳𑘤𑘰𑘕𑘳𑘓𑘿𑘧𑘰 𑘢𑘰𑘓𑘢𑘡𑘿𑘡𑘰𑘭 𑘎𑘻𑘭𑘰𑘽𑘝𑘲𑘩 𑘫𑘹𑘎𑘚𑘻 𑘦𑘻𑘙𑘦𑘻𑘙𑘲 𑘦𑘰𑘜𑘭𑘹
𑘧𑘹𑘜𑘰𑘨 𑘮𑘻𑘝𑘲 𑘭𑘨𑘟𑘰𑘨 𑘕𑘮𑘰𑘐𑘲𑘨𑘟𑘰𑘨 𑘭𑘰𑘪𑘎𑘰𑘨 𑘪𑘿𑘧𑘰𑘢𑘰𑘨𑘲 𑘧𑘹𑘜𑘰𑘨 𑘮𑘻𑘝𑘹 𑘝𑘹𑘞𑘹 𑘣𑘎𑘿𑘝 𑘐𑘨𑘲𑘤𑘰𑘽𑘡𑘰"
folio_063.png,"𑘊𑘪𑘛𑘰𑘭𑘰 𑘝𑘰𑘽𑘤𑘿𑘧𑘰 𑘐 𑘎𑘰𑘧 𑘑𑘹𑘄𑘡 𑘕𑘰𑘧𑘓𑘹 𑘝𑘳 𑘦𑘿𑘮𑘜𑘫𑘲𑘩 𑘎𑘲 𑘖𑘰𑘨𑘲 𑘡𑘰𑘮𑘲 𑘝𑘨 𑘢𑘽𑘓𑘢𑘰𑘝𑘿𑘨𑘲𑘓
𑘑𑘹𑘄𑘡 𑘕𑘰 𑘩𑘻𑘎 𑘮𑘭𑘝𑘲𑘩 𑘝𑘹𑘞𑘹 𑘦𑘲 𑘡𑘰𑘏𑘳𑘫𑘲𑘡𑘹 𑘦𑘿𑘮𑘘𑘩𑘹
𑘫𑘿𑘧𑘰𑘦 𑘎𑘻𑘜𑘲 𑘮𑘭𑘜𑘰𑘨 𑘡𑘰𑘮𑘲 𑘄𑘩𑘘 𑘝𑘳 𑘦𑘻𑘙𑘲 𑘑𑘰𑘐𑘨 𑘄𑘓𑘩𑘳 𑘩𑘰𑘐𑘩𑘰𑘭 𑘝𑘨 𑘦𑘰𑘝𑘿𑘨 𑘩𑘻𑘎
𑘮𑘭𑘝𑘲𑘩 𑘁𑘢𑘩𑘿𑘧𑘰 𑘫𑘎𑘿𑘝𑘲𑘤𑘰𑘮𑘹𑘨 𑘎𑘰𑘦 𑘎𑘨𑘳 𑘢𑘰𑘮𑘜𑘹 𑘝𑘹𑘮𑘲 𑘪𑘰𑘃𑘘 𑘢𑘨𑘽𑘝𑘳 𑘁𑘢𑘩𑘿𑘧𑘰𑘩𑘰 𑘕𑘹𑘪𑘛𑘹
𑘎𑘨𑘝𑘰 𑘧𑘹𑘃𑘩 𑘝𑘹𑘮𑘲 𑘡 𑘎𑘨𑘜𑘹 𑘪 𑘁𑘯𑘫𑘰𑘭𑘰𑘨𑘏𑘹 𑘤𑘭𑘜𑘹 𑘝𑘹𑘮𑘲 𑘪𑘰𑘃𑘘 𑘮𑘹 𑘭𑘰𑘬𑘿𑘧𑘰 𑘐𑘰𑘪𑘰𑘓𑘹 𑘎𑘰𑘦
𑘁𑘮𑘹 𑘝𑘳𑘩𑘰 𑘨𑘳𑘟𑘿𑘨 𑘦𑘿𑘮𑘜𑘝𑘰 𑘧𑘹𑘝 𑘡𑘰𑘮𑘲 𑘝𑘨 𑘡𑘳𑘭𑘝𑘹 𑘢𑘰𑘜𑘲 𑘑𑘰𑘩 𑘧𑘰 𑘎𑘰𑘦𑘰𑘝 𑘝𑘳𑘖𑘰 𑘥𑘰𑘐 𑘝𑘳 𑘄𑘓𑘩
𑘢𑘿𑘨𑘝𑘿𑘧𑘹𑘎𑘰𑘡𑘹 𑘮𑘰𑘝𑘥𑘰𑘨 𑘩𑘰𑘪𑘩𑘰 𑘢𑘰𑘮𑘲𑘕𑘹 𑘎𑘰𑘦𑘓𑘳𑘎𑘰𑘨𑘢𑘜𑘰 𑘪𑘰𑘃𑘘 𑘐𑘻𑘪𑘨𑘿𑘠𑘡 𑘢𑘨𑘿𑘪𑘝"
folio_064.png,"𑘀𑘡𑘿𑘡 𑘕𑘹𑘪𑘲𑘝𑘰𑘽 𑘝𑘿𑘪𑘨𑘲𑘝𑘹𑘭𑘲𑘽 𑙁 𑘪𑘿𑘧𑘰𑘠𑘲 𑘕𑘰𑘃𑘩 𑘢𑘨𑘲𑘧𑘹𑘭𑘲𑘽 𑙁 𑘭𑘽𑘫𑘧 𑘡 𑘠𑘨𑘲𑘽 𑘝𑘳𑘽 𑘦𑘰𑘡𑘭𑘲𑘽 𑙁 𑘝𑘿𑘪𑘨𑘲𑘝
𑘡𑘿𑘧𑘰𑘪𑘹𑘽 𑘐𑘿𑘨𑘲𑘮𑘰𑘭𑘲 𑙂𑙑𑙔𑙐𑙂
𑘀𑘽𑘐𑘲𑘎𑘰𑘨𑘻𑘡𑘲 𑘝𑘧𑘰 𑘪𑘹𑘯𑘲𑘽 𑙁 𑘦𑘰𑘞𑘰 𑘙𑘹𑘪𑘲 𑘓𑘨𑘜𑘎𑘦𑘯𑘲𑘽 𑙁 𑘪𑘲𑘡𑘪𑘲𑘝𑘭𑘹 𑘎𑘨𑘳𑘜𑘰𑘤𑘮𑘰𑘯𑘲 𑙁 𑘧𑘰𑘪𑘹𑘽 𑘭𑘿𑘪𑘰𑘦𑘲
𑘥𑘲𑘎𑘿𑘬𑘹𑘭𑘲 𑙂𑙔𑙑𑙂
𑘀𑘽𑘐𑘲𑘎𑘰𑘨𑘻𑘡𑘲 𑘫𑘿𑘨𑘲𑘐𑘳𑘨𑘳𑘡𑘰𑘞 𑙁 𑘡𑘲𑘨𑘻𑘢 𑘟𑘹𑘝𑘲 𑘮𑘻 𑘎𑘰𑘽 𑘝𑘿𑘪𑘨𑘲𑘝 𑙁 𑘭𑘲𑘟𑘿𑘠 𑘦𑘿𑘮𑘜𑘹 𑘋𑘎 𑘦𑘰𑘝 𑙁
𑘡𑘰𑘦𑘠𑘰𑘨𑘎 𑘫𑘲𑘬𑘿𑘧𑘻𑘝𑘿𑘝𑘦𑘰 𑙂𑙔𑙒𑙂
𑘁𑘦𑘿𑘮𑘲 𑘮𑘻𑘝𑘻𑘽 𑘝𑘧𑘹 𑘪𑘹𑘯𑘲𑘽 𑙁 𑘭𑘦𑘪𑘹𑘝 𑘫𑘲𑘬𑘿𑘧 𑘭𑘎𑘯𑘲𑘽 𑙁 𑘕𑘙𑘨𑘪𑘿𑘧𑘞𑘹𑘓𑘰 𑘪𑘲𑘢𑘿𑘨 𑘕𑘪𑘯𑘲 𑙁 𑘫𑘿𑘨𑘲𑘐𑘳𑘨𑘳 𑘐𑘹𑘩𑘹"
folio_065.png,"𑘋𑘎𑘻𑘡𑘲 𑘝𑘲𑘧𑘹𑘓𑘹 𑘪𑘓𑘡 𑙁 𑘭𑘰𑘽𑘐𑘝𑘲 𑘎𑘿𑘨𑘲𑘢𑘰 𑘥𑘎𑘿𑘝𑘲 𑘢𑘰𑘮𑘻𑘡 𑙁 𑘎𑘨𑘲 𑘪𑘻 𑘃𑘫𑘿𑘪𑘨𑘁𑘨𑘰𑘠𑘡 𑙁 𑘢𑘳𑘝𑘿𑘨
𑘮𑘻𑘃𑘩 𑘫𑘿𑘨𑘲𑘮𑘨𑘲𑘋𑘭𑘰 𑙂𑙕𑙓𑙂
𑘐𑘼𑘯𑘲𑘧𑘰𑘓𑘹 𑘑𑘨𑘲 𑘟𑘹𑘏𑘰 𑙁 𑘎𑘿𑘨𑘲𑘬𑘿𑘜 𑘄𑘢𑘕𑘩𑘰 𑘎𑘰𑘨𑘜𑘲𑘎𑘰 𑙁 𑘪𑘿𑘨𑘝 𑘎𑘹𑘩𑘹 𑘐𑘼𑘯𑘲 𑘋𑘎𑘰 𑙁 𑘃𑘫𑘿𑘪𑘨𑘰𑘓𑘲
𑘁𑘨𑘰𑘠𑘡𑘰 𑙂𑙕𑙔𑙂
𑘝𑘺𑘭𑘰 𑘝𑘳 𑘁𑘨𑘰𑘠𑘲 𑘃𑘫𑘿𑘪𑘨 𑙁 𑘢𑘳𑘝𑘿𑘨 𑘢𑘰𑘪𑘫𑘲𑘩 𑘮𑘰 𑘡𑘲𑘨𑘿𑘠𑘰𑘨 𑙁 𑘝𑘳𑘖𑘰 𑘦𑘡𑘻𑘨𑘞 𑘭𑘰𑘓𑘰𑘨 𑙁 𑘢𑘰𑘪𑘹𑘩
𑘭𑘲𑘟𑘿𑘠𑘲 𑘫𑘿𑘨𑘲𑘢𑘰𑘟 𑘦𑘿𑘮𑘜𑘝𑘲 𑙂𑙕𑙕𑙂
𑘪𑘲𑘢𑘿𑘨𑘭𑘿𑘝𑘿𑘨𑘲 𑘦𑘿𑘮𑘜𑘹 𑘝𑘹 𑘪𑘹𑘯𑘲 𑙁 𑘎𑘺𑘭𑘹 𑘪𑘿𑘨𑘝 𑘁𑘓𑘨𑘩𑘹 𑘐𑘼𑘯𑘲 𑙁 𑘎𑘺𑘭𑘰 𑘢𑘳𑘕𑘲𑘩𑘰 𑘓𑘽𑘟𑘿𑘨𑘦𑘼𑘯𑘲 𑙁"
folio_066.png,"𑘋𑘎𑘻𑘡𑘲 𑘨𑘕𑘎𑘰𑘓𑘹 𑘪𑘓𑘡 𑙁 𑘡𑘲𑘨𑘻𑘢 𑘟𑘹𑘝𑘲 𑘫𑘿𑘨𑘲𑘐𑘳𑘨𑘳 𑘁𑘢𑘜 𑙁 𑘝𑘿𑘪𑘨𑘲𑘝 𑘕𑘰𑘃 𑘨𑘹 𑘦𑘿𑘮𑘜𑘻𑘡 𑙁
𑘕𑘡𑘿𑘦𑘰𑘽𑘝𑘨𑘲 𑘥𑘻𑘐𑘲 𑘦𑘿𑘮𑘜𑘝𑘲 𑙂𑙓𑙙𑙂
𑘡𑘲𑘨𑘻𑘢 𑘟𑘹𑘝𑘰 𑘝𑘧𑘰 𑘪𑘹𑘯𑘲 𑙁 𑘝𑘿𑘧𑘕𑘲𑘩𑘰 𑘢𑘿𑘨𑘰𑘜 𑘝𑘝𑘿𑘎𑘰𑘯𑘲 𑙁 𑘕𑘡𑘿𑘦𑘰𑘝𑘰 𑘖𑘰𑘩𑘰 𑘦𑘿𑘩𑘹𑘔𑘎𑘳𑘯𑘲 𑙁
𑘪𑘺𑘟𑘳𑘨𑘰𑘡𑘐𑘨𑘲 𑘪𑘲𑘏𑘿𑘧𑘰𑘝 𑙂𑙔𑙐𑙂
𑘋𑘭𑘲 𑘨𑘕𑘎𑘰𑘓𑘲 𑘎𑘞𑘰 𑙁 𑘢𑘳𑘛𑘹 𑘭𑘰𑘽𑘐𑘳𑘡 𑘪𑘲𑘭𑘿𑘝𑘰𑘨𑘝𑘰 𑙁 𑘭𑘲𑘟𑘿𑘠 𑘦𑘿𑘮𑘜𑘹 𑘡𑘰𑘦𑘠𑘰𑘨𑘎𑘰 𑘁𑘝𑘰 𑙁
𑘓𑘨𑘲𑘝𑘿𑘨 𑘢𑘳𑘛𑘝𑘲 𑘀𑘪𑘠𑘰𑘨𑘲 𑙂𑙔𑙑𑙂
𑘋𑘭𑘹 𑘖𑘰𑘩𑘲𑘧𑘰 𑘀𑘪𑘭𑘨𑘲 𑙁 𑘫𑘿𑘨𑘲𑘢𑘰𑘟𑘨𑘰𑘧 𑘎𑘳𑘨𑘪𑘢𑘳𑘨𑘲 𑙁 𑘀𑘭𑘝𑘰 𑘦𑘮𑘲𑘦𑘰 𑘀𑘢𑘨𑘽𑘢𑘰𑘨𑘲 𑙁"
folio_067.png,"𑘤𑘽𑘐𑘰𑘩𑘲 𑘨𑘰𑘐 𑘭𑘻𑘨𑘘𑘲𑘭𑘲 𑙁 𑘎𑘰𑘦𑘤𑘻𑘠 𑘦𑘠𑘳𑘦𑘰𑘠𑘪𑘲𑘭𑘲 𑙁 𑘟𑘹𑘪𑘰𑘎𑘿𑘨𑘲𑘧𑘰 𑘥𑘳𑘢𑘰𑘯𑘲𑘭𑘲 𑙁 𑘐𑘰𑘧𑘡 𑘎𑘨𑘲
𑘟𑘫𑘰𑘡𑘡 𑙂𑙖𑙙𑙂
𑘨𑘰𑘐𑘪𑘩𑘿𑘩𑘥 𑘦𑘰𑘠𑘳𑘨𑘲𑘭𑘲 𑙁 𑘨𑘰𑘪𑘿𑘮𑘹𑘨𑘲 𑘨𑘰𑘐 𑘮𑘨𑘿𑘬𑘲 𑙁 𑘪𑘲𑘮𑘽𑘐𑘟𑘰𑘝𑘿𑘨𑘲 𑘓𑘽𑘚𑘲𑘭𑘲 𑙁 𑘪𑘭𑘪𑘲𑘕𑘰𑘟𑘲
𑘨𑘰𑘐𑘰𑘡𑘹 𑙂𑙗𑙐𑙂
𑘫𑘲𑘨 𑘎𑘰𑘢𑘳𑘡 𑘁𑘢𑘳𑘩𑘹 𑘟𑘹𑘏𑘰 𑙁 𑘧𑘽𑘝𑘿𑘨 𑘎𑘹𑘩𑘹 𑘎𑘨𑘎𑘦𑘯𑘲𑘎𑘰 𑙁 𑘫𑘲𑘨𑘰 𑘎𑘰𑘛𑘳𑘡 𑘝𑘽𑘝𑘳𑘎𑘰 𑙁 𑘨𑘰𑘪𑘜𑘹𑘫𑘿𑘪𑘨
𑘐𑘰𑘝𑘭𑘹 𑙂𑙗𑙑𑙂
𑘭𑘦𑘧𑘰𑘭𑘦𑘧𑘲 𑘁𑘩𑘰𑘢𑘡 𑙁 𑘎𑘨𑘲 𑘟𑘫𑘫𑘲𑘨 𑘁𑘢𑘜 𑙁 𑘢𑘿𑘨𑘰𑘝𑘾𑘎𑘰𑘯𑘲 𑘎𑘨𑘲 𑘐𑘰𑘧𑘡 𑙁 𑘀𑘬𑘿𑘘𑘨𑘰𑘐"
folio_068.png,"𑘫𑘿𑘨𑘲𑘐𑘜𑘹𑘫𑘰𑘧 𑘡𑘦𑘾 𑙁
𑘋𑘎𑘻𑘡𑘲 𑘭𑘲𑘟𑘿𑘠𑘰𑘓𑘹 𑘪𑘓𑘡 𑙁 𑘡𑘰𑘦𑘠𑘰𑘨𑘎 𑘪𑘲𑘡𑘪𑘲 𑘕𑘰𑘜 𑙁 𑘎𑘳𑘨𑘪𑘢𑘳𑘨𑘲𑘓𑘹 𑘦𑘮𑘲𑘦𑘰𑘡 𑙁 𑘎𑘹𑘪𑘲 𑘕𑘰𑘮𑘩𑘹
𑘢𑘨𑘲𑘧𑘹𑘭𑘰 𑙂𑙑𑙂
𑘦𑘿𑘮𑘜𑘝𑘲 𑘫𑘿𑘨𑘲𑘢𑘰𑘟 𑘡𑘰𑘮𑘲 𑘐𑘹𑘩𑘹 𑙁 𑘁𑘜𑘲 𑘦𑘿𑘮𑘜𑘝𑘲 𑘀𑘪𑘝𑘰𑘨 𑘖𑘰𑘩𑘹 𑙁 𑘪𑘲𑘭𑘿𑘝𑘰𑘨 𑘎𑘨𑘻𑘡𑘲𑘧𑘰 𑘭𑘐𑘯𑘹 𑙁
𑘡𑘲𑘨𑘻𑘢𑘰𑘪𑘹 𑘦𑘿𑘮𑘜𑘝𑘭𑘹 𑙂𑙒𑙂
𑘭𑘲𑘟𑘿𑘠 𑘭𑘰𑘽𑘐𑘹 𑘡𑘰𑘦𑘠𑘰𑘨𑘎𑘰𑘭𑘲 𑙁 𑘫𑘿𑘨𑘲𑘐𑘳𑘨𑘳𑘦𑘮𑘲𑘦𑘰 𑘎𑘰𑘧 𑘢𑘳𑘭𑘭𑘲 𑙁 𑘀𑘡𑘽𑘝𑘨𑘳𑘢𑘹 𑘮𑘻𑘝𑘲 𑘢𑘨𑘲𑘧𑘹𑘭𑘲 𑙁
𑘪𑘲𑘫𑘿𑘪𑘪𑘿𑘧𑘰𑘢𑘎 𑘢𑘨𑘦𑘰𑘝𑘿𑘦𑘰 𑙂𑙓𑙂"
folio_069.png,"𑘝𑘻 𑘢𑘰𑘮𑘰
𑘫𑘲𑘨𑘲𑘬𑘩𑘰 𑘝𑘹𑘞𑘹 𑘤𑘻𑘩𑘰𑘪𑘜𑘿𑘧𑘰𑘝 𑘁𑘩𑘹 𑘭𑘳𑘽𑘟𑘨 𑘭𑘳𑘎𑘳𑘦𑘰𑘨 𑘫𑘲𑘨𑘲𑘬 𑘝𑘹𑘞𑘹 𑘡𑘦𑘿𑘨𑘢𑘜𑘹 𑘄𑘥𑘰 𑘮𑘻𑘝𑘰 𑘝𑘻
𑘭𑘳𑘎𑘳𑘦𑘰𑘨 𑘀𑘭𑘳𑘡 𑘪𑘲𑘨 𑘮𑘻𑘝𑘰 𑘣𑘳𑘩𑘰𑘢𑘿𑘨𑘦𑘰𑘜𑘹 𑘟𑘲𑘭𑘝 𑘮𑘻𑘝𑘰 𑘢𑘨𑘽𑘝𑘳 𑘪𑘕𑘿𑘨𑘪𑘿𑘨𑘲𑘝𑘿𑘝𑘲𑘓𑘰𑘮𑘲 𑘮𑘻𑘝𑘰
𑘫𑘰𑘤𑘰𑘭 𑘝𑘳𑘦𑘓𑘲 𑘦𑘮𑘰𑘨𑘰𑘕𑘰𑘽𑘓𑘿𑘧𑘰 𑘎𑘰𑘡𑘰𑘽𑘪𑘨 𑘑𑘰𑘝𑘩𑘹 𑘢𑘰𑘮𑘲𑘕𑘹 𑘁𑘟𑘲𑘝𑘿𑘧𑘡𑘰𑘨𑘰𑘧𑘜 𑘦𑘿𑘮𑘜𑘰𑘩𑘹
𑘦𑘮𑘰𑘨𑘰𑘕𑘰𑘽𑘓𑘿𑘧𑘰 𑘎𑘰𑘡𑘰𑘪𑘨 𑘮𑘿𑘧𑘰𑘽𑘓𑘲 𑘎𑘲𑘨𑘿𑘝𑘲 𑘁𑘠𑘲𑘓 𑘐𑘹𑘩𑘲 𑘁𑘮𑘹 𑘕𑘿𑘧𑘰𑘽𑘡𑘰 𑘏𑘰𑘭 𑘟𑘳𑘝 𑘢𑘰𑘙𑘪𑘳𑘡
𑘁𑘜𑘜𑘿𑘧𑘰𑘝 𑘁𑘩𑘹 𑘝𑘹𑘓 𑘮𑘹 𑘫𑘲𑘨𑘲𑘬 𑘓𑘰𑘩𑘎𑘰𑘽𑘡𑘲 𑘭𑘰𑘽𑘐𑘲𑘝𑘩𑘹
𑘁𑘟𑘲𑘝𑘿𑘧𑘡𑘰𑘨𑘰𑘧𑘜 𑘡𑘲𑘑𑘳𑘡 𑘐𑘹𑘩𑘹 𑘁𑘜𑘲 𑘞𑘻𑘚𑘿𑘧𑘰 𑘪𑘹𑘯𑘰𑘡𑘹 𑘝𑘿𑘧𑘰𑘽𑘓𑘲 𑘦𑘳𑘩𑘐𑘲 𑘮𑘹𑘦𑘰 𑘝𑘿𑘧𑘰"
folio_070.png,"𑘋𑘎 𑘤𑘰𑘯𑘰 𑘤𑘿𑘨𑘮𑘿𑘦𑘓𑘰𑘨𑘲 𑙁 𑘡𑘎𑘻 𑘁𑘎𑘿𑘨𑘻𑘫𑘽 𑘁𑘦𑘿𑘮𑘰𑘽𑘪𑘨𑘲 𑙁 𑘀𑘭𑘹 𑘎𑘿𑘨𑘲𑘬𑘿𑘜𑘰𑘢𑘫𑘿𑘓𑘲𑘦𑘝𑘲𑘨𑘲𑘽 𑙁
𑘝𑘿𑘪𑘨𑘲𑘝 𑘕𑘰𑘧 𑘝𑘧𑘰𑘕𑘪𑘯𑘲 𑙂𑙕𑙐𑙂
𑘍𑘟𑘳𑘽𑘤𑘨𑘪𑘿𑘨𑘲𑘎𑘿𑘬𑘰𑘝𑘯𑘲𑘽 𑙁 𑘀𑘭𑘹 𑘝𑘰𑘢𑘭𑘲 𑘦𑘮𑘰𑘤𑘯𑘲 𑙁 𑘀𑘪𑘝𑘰𑘨𑘢𑘳𑘨𑘳𑘬 𑘓𑘽𑘟𑘿𑘨𑘦𑘼𑘯𑘲 𑙁 𑘝𑘳𑘖𑘲 𑘪𑘰𑘽𑘔𑘰
𑘢𑘳𑘨𑘪𑘲𑘩 𑙂𑙕𑙑𑙂
𑘋𑘭𑘹𑘽 𑘭𑘿𑘪𑘢𑘿𑘡 𑘝𑘧𑘰𑘭𑘲 𑙁 𑘕𑘰𑘮𑘩𑘹𑘽 𑘀𑘥𑘲𑘡𑘪 𑘢𑘨𑘲𑘧𑘹𑘭𑘲𑘽 𑙁 𑘕𑘰𑘐𑘿𑘨𑘲𑘝 𑘮𑘻𑘝𑘰𑘽𑘓𑘲 𑘮𑘨𑘿𑘬𑘲 𑙁 𑘡𑘲𑘑𑘰𑘩𑘰
𑘝𑘿𑘪𑘨𑘲𑘝 𑘝𑘹𑘞𑘻𑘡𑘲 𑙂𑙕𑙒𑙂
𑘡𑘲𑘑𑘰𑘩𑘰 𑘪𑘲𑘢𑘿𑘨 𑘝𑘿𑘪𑘨𑘲𑘝 𑙁 𑘢𑘻𑘮𑘝 𑘐𑘹𑘩𑘰 𑘢𑘿𑘨𑘪𑘰𑘮𑘰𑘽𑘝 𑙁 𑘢𑘺𑘩𑘝𑘘𑘰 𑘕𑘰𑘄𑘡𑘲 𑘝𑘿𑘪𑘨𑘲𑘝 𑙁 𑘟𑘹𑘏𑘝𑘰"
folio_071.png,"𑘀𑘡𑘭𑘳𑘧𑘹𑘓𑘹 𑘑𑘨𑘲 𑘟𑘹𑘏𑘰 𑙁 𑘝𑘿𑘨𑘧𑘦𑘳𑘨𑘿𑘝𑘲 𑘨𑘰𑘮𑘲𑘩𑘲 𑘦𑘳𑘨𑘿𑘝𑘲 𑘊𑘎𑘰 𑙁 𑘡𑘰𑘦 𑘟𑘝𑘿𑘝𑘰𑘝𑘿𑘨𑘹𑘧 𑘊𑘎𑘰 𑙁 𑘦𑘳𑘯𑘢𑘲𑘙
𑘫𑘿𑘨𑘲𑘐𑘳𑘨𑘳𑘓𑘹 𑙂𑙗𑙑𑙂
𑘋𑘫𑘰𑘢𑘨𑘲 𑘭𑘲𑘟𑘿𑘠 𑘟𑘹𑘏𑘰 𑙁 𑘎𑘞𑘰 𑘭𑘰𑘽𑘐𑘹 𑘡𑘰𑘦𑘠𑘰𑘨𑘎𑘰 𑙁 𑘭𑘽𑘝𑘻𑘬𑘹 𑘢𑘿𑘨𑘫𑘿𑘡 𑘎𑘨𑘲 𑘀𑘡𑘹𑘎𑘰 𑙁 𑘢𑘳𑘭𑘝𑘭𑘹
𑘭𑘲𑘟𑘿𑘠𑘰𑘭𑘲 𑙂𑙗𑙒𑙂
𑘕𑘧 𑘭𑘲𑘟𑘿𑘠 𑘧𑘻𑘐𑘲𑘫𑘿𑘪𑘨𑘰 𑙁 𑘥𑘎𑘿𑘝𑘕𑘡𑘦𑘡𑘻𑘮𑘨𑘰 𑙁 𑘝𑘰𑘨𑘎 𑘭𑘽𑘭𑘰𑘨𑘭𑘰𑘐𑘨𑘰 𑙁 𑘕𑘿𑘗𑘰𑘡𑘦𑘳𑘨𑘿𑘝𑘲
𑘎𑘿𑘨𑘲𑘢𑘰𑘭𑘲𑘽𑘠𑘻 𑙂𑙗𑙓𑙂
𑘝𑘳𑘖𑘹𑘡𑘲 𑘢𑘿𑘨𑘭𑘰𑘟𑘹 𑘦𑘕 𑙁 𑘕𑘿𑘗𑘰𑘡 𑘄𑘢𑘕𑘩𑘹 𑘭𑘮𑘕 𑙁 𑘝𑘰𑘨𑘎 𑘁𑘦𑘳𑘓𑘰 𑘧𑘻𑘐𑘲𑘨𑘰𑘕 𑙁 𑘪𑘲𑘡𑘽𑘝𑘲 𑘦𑘰𑘖𑘲"
folio_072.png,"𑘦𑘿𑘮𑘜𑘻𑘡𑘲 𑘩𑘰𑘐𑘩𑘰 𑘐𑘳𑘨𑘳𑘓𑘨𑘜𑘲𑘽 𑙁 𑘝𑘩𑘿𑘩𑘲𑘡 𑘮𑘻𑘪𑘻𑘡𑘲 𑘀𑘽𑘝 𑘎𑘨𑘜𑘲𑘽 𑙁 𑘦𑘿𑘮𑘜𑘹 𑘭𑘿𑘪𑘰𑘦𑘲 𑘐𑘲𑘨𑘲𑘕𑘰𑘨𑘦𑘜𑘰 𑙁
𑘮𑘻𑘭𑘲 𑘝𑘿𑘨𑘧𑘦𑘳𑘨𑘿𑘝𑘲 𑘝𑘳𑘽𑘓𑘲 𑘊𑘎 𑙂𑙕𑙓𑙂
𑘡 𑘎𑘯𑘹 𑘝𑘳𑘖𑘹𑘽 𑘭𑘿𑘪𑘨𑘳𑘢𑘕𑘿𑘗𑘰𑘡 𑙁 𑘭𑘽𑘭𑘰𑘨𑘦𑘰𑘧𑘰 𑘪𑘹𑘬𑘿𑘘𑘳𑘡 𑙁 𑘝𑘳𑘽 𑘝𑘰𑘨𑘎 𑘧𑘰 𑘥𑘪𑘰𑘜𑘲 𑙁 𑘄𑘠𑘿𑘟𑘨𑘰𑘪𑘹 𑘭𑘿𑘪𑘰𑘦𑘲𑘧𑘰
𑙂𑙕𑙔𑙂
𑘝𑘳𑘽 𑘝𑘰𑘨𑘎 𑘪𑘲𑘫𑘿𑘪𑘰𑘭𑘲 𑙁 𑘦𑘿𑘮𑘜𑘻𑘡𑘲 𑘥𑘳𑘦𑘲 𑘀𑘪𑘝𑘨𑘩𑘰𑘭𑘲 𑙁 𑘀𑘕𑘿𑘗𑘰𑘡 𑘦𑘿𑘮𑘜𑘲𑘕𑘹 𑘨𑘕𑘡𑘲𑘭𑘲 𑙁 𑘕𑘿𑘧𑘻𑘝𑘲
𑘭𑘿𑘪𑘨𑘳𑘢 𑘝𑘳𑘽𑘓𑘲 𑘊𑘎 𑙂𑙕𑙕𑙂
𑘝𑘳𑘖𑘹𑘽 𑘟𑘨𑘿𑘫𑘡 𑘮𑘻𑘧 𑘕𑘿𑘧𑘰𑘭𑘲 𑙁 𑘭𑘨𑘿𑘪𑘰𑘥𑘲𑘬𑘿𑘘 𑘣𑘯 𑘮𑘻𑘧 𑘝𑘿𑘧𑘰𑘭𑘲 𑙁 𑘃𑘮𑘢𑘨 𑘀𑘢𑘿𑘨𑘧𑘰𑘭𑘲 𑙁 𑘕𑘻𑘚𑘹 𑘡𑘨𑘰"
folio_073.png,"𑘝𑘹 𑘎𑘺𑘟𑘲 𑘁𑘮𑘹 𑘢𑘲𑘽𑘕𑘬𑘿𑘧𑘰𑘝 𑘁𑘮𑘹 𑘕𑘿𑘧𑘰𑘡𑘹 𑘀𑘡𑘽𑘝 𑘁𑘎𑘰𑘫𑘰𑘝 𑘄𑘚𑘰𑘪𑘹 𑘝𑘿𑘧𑘰𑘩𑘰 𑘮𑘿𑘧𑘰 𑘊𑘪𑘛𑘿𑘧𑘰𑘫𑘰
𑘢𑘲𑘽𑘕𑘧𑘰𑘝 𑘢𑘽𑘏 𑘣𑘚𑘣𑘚𑘰𑘪𑘹 𑘩𑘰𑘐𑘝𑘰𑘝 𑘝𑘿𑘧𑘰𑘓𑘿𑘧𑘰 𑘢𑘽𑘏𑘰𑘽𑘓𑘲 𑘫𑘎𑘿𑘝𑘲 𑘦𑘹𑘩𑘲 𑘀𑘭𑘹𑘩 𑘁𑘝𑘰 𑘭𑘻𑘚𑘩𑘹𑘭
𑘝𑘨𑘲 𑘝𑘿𑘧𑘰𑘩𑘰 𑘄𑘚𑘪𑘜𑘰𑘨 𑘡𑘰𑘮𑘲 𑘣𑘰𑘨 𑘝𑘨 𑘏𑘳𑘽𑘘𑘲𑘪𑘨 𑘤𑘭𑘹𑘩 𑘁𑘜𑘲 𑘢𑘳𑘡𑘿𑘮𑘰 𑘢𑘲𑘽𑘕𑘬𑘿𑘧𑘰𑘝 𑘧𑘹𑘃𑘩
𑘀𑘨𑘹𑘨𑘹
𑘢𑘨𑘽𑘝𑘳 𑘧𑘹𑘞𑘹 𑘝𑘿𑘧𑘰𑘩𑘰 𑘭𑘽𑘨𑘎𑘿𑘬𑘜 𑘁𑘮𑘹 𑘨𑘰𑘡𑘰𑘝 𑘮𑘕𑘰𑘨𑘻 𑘫𑘝𑘿𑘨𑘳
𑘮𑘹𑘦𑘰 𑘢𑘨𑘽𑘝𑘳 𑘤𑘰𑘮𑘹𑘨 𑘭𑘿𑘝𑘿𑘨𑘰𑘝𑘽𑘝𑘿𑘨𑘿𑘧 𑘁𑘮𑘹 𑘟𑘳𑘭𑘬𑘿𑘧𑘰𑘓𑘿𑘧𑘰 𑘭𑘽𑘨𑘎𑘿𑘬𑘜𑘰𑘏𑘰𑘩𑘲 𑘭𑘳𑘨𑘎𑘿𑘬𑘲𑘝 𑘀𑘭𑘹 𑘐𑘳𑘩𑘰𑘦
𑘦𑘿𑘮𑘜𑘳𑘡 𑘕𑘐𑘜𑘿𑘧𑘰𑘢𑘹𑘎𑘿𑘬𑘰 𑘕𑘿𑘧𑘰𑘝 𑘠𑘻𑘎𑘰 𑘁𑘮𑘹 𑘀𑘭𑘹 𑘭𑘿𑘪𑘰𑘝𑘽𑘝𑘿𑘨𑘿𑘧 𑘭𑘮𑘭𑘿𑘝𑘿𑘨𑘢𑘘𑘲𑘡𑘹 𑘤𑘨𑘹 𑘢𑘰𑘏𑘨𑘰"
folio_074.png,"𑘓𑘲𑘝𑘿𑘨𑘰 𑘄𑘐𑘲 𑘨𑘚𑘳 𑘡𑘎𑘻 𑘦𑘲 𑘁𑘮𑘹 𑘡𑘰
𑘮𑘻𑘧 𑘮𑘻 𑘓𑘰𑘨𑘳 𑘢𑘨𑘽𑘝𑘳 𑘪𑘰𑘃𑘘 𑘪𑘰𑘘𑘝𑘹 𑘮𑘻
𑘪𑘰𑘃𑘘 𑘪𑘰𑘘𑘰𑘧𑘓𑘹𑘓
𑘐𑘰𑘚𑘲 𑘑𑘨𑘲 𑘁𑘩𑘲 𑘡𑘰𑘮𑘲 𑘝𑘻 𑘭𑘰𑘭𑘳𑘓𑘲 𑘐𑘨𑘿𑘕𑘡𑘰 𑘭𑘳𑘨𑘳
𑘦𑘿𑘮𑘘𑘩𑘽 𑘧𑘹𑘝𑘰 𑘎𑘲 𑘡𑘰𑘮𑘲 𑘑𑘨𑘲 𑘎𑘲 𑘨𑘰𑘕𑘰𑘨𑘰𑘜𑘲 𑘕𑘰𑘝𑘰𑘝 𑘢𑘯𑘳𑘡 𑘎𑘲𑘝𑘲 𑘮𑘰 𑘄𑘫𑘲𑘨 𑘓𑘰𑘨𑘳 𑘝𑘳 𑘀𑘐𑘟𑘲
𑘡𑘽𑘟𑘲𑘤𑘺𑘩 𑘮𑘻𑘜𑘰𑘨 𑘎𑘲 𑘎𑘰𑘧 𑘝𑘲 𑘡𑘰𑘓𑘪𑘲𑘩 𑘝𑘭𑘰 𑘝𑘳 𑘡𑘰𑘓𑘝𑘻𑘭 𑘭𑘲𑘡𑘹𑘦𑘰 𑘢𑘰𑘮𑘳𑘡 𑘁𑘩𑘰 𑘀𑘭𑘰𑘩 𑘄𑘐𑘲𑘓
𑘡𑘰𑘮𑘲 𑘃𑘝𑘎𑘰 𑘄𑘫𑘲𑘨 𑘖𑘰𑘩𑘰 𑘫𑘮𑘨𑘰𑘝𑘩𑘿𑘧𑘰 𑘭𑘪𑘧𑘲 𑘭𑘲𑘡𑘹𑘦𑘹 𑘮𑘪𑘹𑘝 𑘁𑘜𑘲 𑘭𑘲𑘡𑘹𑘦𑘰𑘝𑘩𑘿𑘧𑘰𑘭𑘰𑘨𑘏𑘹 𑘄𑘟𑘿𑘧𑘰"
folio_075.png,"𑘎𑘩𑘿𑘩𑘹𑘫𑘿𑘪𑘨 𑘟𑘹𑘪𑘭𑘿𑘞𑘰𑘡 𑙁 𑘀𑘭𑘹 𑘝𑘹𑘞𑘹𑘽 𑘐𑘽𑘠𑘨𑘿𑘪𑘥𑘳𑘪𑘡 𑙁 𑘙𑘰𑘪 𑘀𑘭𑘹 𑘀𑘡𑘳𑘢𑘦𑘿𑘧 𑙁 𑘭𑘲𑘟𑘿𑘠𑘥𑘳𑘦𑘲
𑘐𑘰𑘜𑘐𑘰𑘢𑘳𑘨 𑙂𑙕𑙗𑙂
𑘝𑘹𑘞𑘹𑘽 𑘕𑘹 𑘀𑘡𑘳𑘬𑘿 𑘙𑘰𑘡 𑘎𑘨𑘲𑘝𑘲 𑙁 𑘝𑘧𑘰 𑘃𑘬𑘿 𑘘𑘰𑘨𑘿𑘞 𑘮𑘻𑘧 𑘝𑘿𑘪𑘨𑘲𑘝𑘲𑘽 𑙁 𑘎𑘩𑘿𑘢𑘪𑘿𑘨𑘲𑘎𑘿𑘬 𑘁𑘫𑘿𑘨𑘧𑘝𑘲 𑙁
𑘎𑘰𑘡 𑘡𑘻𑘮𑘹 𑘦𑘡𑘎𑘰𑘦𑘡𑘰 𑙂𑙕𑙘𑙂
𑘎𑘰𑘎𑘲𑘜𑘲𑘭𑘽𑘐𑘦 𑘤𑘨𑘪𑘰 𑙁 𑘥𑘲𑘦𑘰𑘝𑘲𑘨 𑘎𑘿𑘬𑘹𑘝𑘿𑘨 𑘡𑘰𑘽𑘪𑘰 𑙁 𑘀𑘡𑘽𑘝 𑘢𑘳𑘜𑘿𑘧 𑘭𑘿𑘪𑘥𑘰𑘪𑘰 𑙁 𑘢𑘿𑘨𑘧𑘰𑘐𑘰𑘭𑘦𑘰𑘡
𑘀𑘭𑘹 𑘟𑘹𑘏𑘰 𑙂𑙕𑙙𑙂
𑘝𑘳𑘽𑘐𑘥𑘟𑘿𑘨𑘰 𑘪𑘨𑘟𑘰 𑘡𑘟𑘲 𑙁 𑘭𑘽𑘐𑘦𑘭𑘿𑘞𑘰𑘡𑘲𑘽 𑘝𑘢𑘻𑘡𑘲𑘠𑘲 𑙁 𑘦𑘩𑘰𑘢𑘮𑘰𑘨𑘲𑘭𑘽𑘐𑘦𑘲𑘽 𑘁𑘠𑘲𑘽 𑙁 𑘢𑘰𑘢𑘹𑘽 𑘕𑘰𑘝𑘲𑘽"
folio_076.png,"𑘊 𑘐𑘻𑘧𑘩𑘹𑘪𑘰𑘩𑘲 𑘀𑘐 𑘃𑘎𑘚𑘹 𑘧𑘹 𑘦𑘲 𑘝𑘲𑘩𑘰 𑘮𑘰𑘎 𑘦𑘰𑘨𑘩𑘲 𑘁𑘦𑘓𑘿𑘧𑘰 𑘎𑘪𑘰𑘚𑘰𑘝𑘳𑘡 𑘝𑘲 𑘁𑘝 𑘁𑘩𑘲 𑘁𑘃𑘡𑘹
𑘝𑘲𑘩𑘰 𑘎𑘲𑘝𑘲 𑘡𑘲𑘙𑘪𑘲 𑘥𑘰𑘝 𑘑𑘰𑘩𑘜𑘿𑘧𑘰𑘓𑘹 𑘝𑘹 𑘙𑘨𑘪𑘲𑘩𑘹 𑘦𑘲 𑘎𑘜𑘐𑘲𑘝𑘳𑘡 𑘥𑘰𑘝 𑘎𑘰𑘛𑘳𑘡 𑘁𑘜𑘩𑘹 𑘪 𑘝𑘲𑘓𑘿𑘧𑘰
𑘢𑘟𑘨𑘰𑘝 𑘑𑘰𑘝𑘩𑘹 𑘁𑘃𑘡𑘹 𑘝𑘲𑘩𑘰 𑘪𑘲𑘓𑘰𑘨𑘩𑘹 𑘦𑘿𑘮𑘰𑘝𑘰𑘬𑘿𑘧𑘹 𑘁𑘕𑘰𑘨𑘲 𑘎𑘰 𑘐𑘽 𑘁𑘮𑘹𑘭
𑘪𑘿𑘮𑘧 𑘦𑘰𑘧 𑘝𑘰𑘢 𑘩𑘃 𑘧𑘹𑘝𑘻 𑘎𑘰𑘧 𑘎𑘨𑘝𑘰𑘽𑘪 𑘢𑘻𑘘𑘰𑘩𑘰 𑘮𑘪𑘽 𑘡𑘰 𑘀𑘭𑘹 𑘝𑘲 𑘦𑘿𑘮𑘜𑘰𑘩𑘲
𑘟𑘳𑘢𑘰𑘨𑘓𑘰 𑘥𑘰𑘝 𑘄𑘨𑘩𑘹𑘩𑘰 𑘁𑘮𑘹 𑘫𑘲𑘯𑘰 𑘖𑘰𑘩𑘰 𑘁𑘮𑘹 𑘟𑘹𑘄 𑘎𑘰 𑘝𑘳𑘩𑘰 𑘁𑘃𑘡𑘹 𑘪𑘲𑘓𑘰𑘨𑘩𑘹
𑘟𑘿𑘧𑘰 𑘁𑘃 𑘟𑘹𑘪 𑘝𑘳𑘦𑘓𑘹 𑘥𑘩𑘹 𑘎𑘨𑘻 𑘐𑘨𑘲𑘤𑘰𑘓𑘹 𑘟𑘳𑘡𑘲𑘧𑘹𑘝 𑘎𑘳𑘜𑘲 𑘡𑘰𑘮𑘲 𑘤𑘑𑘰 𑘟𑘲𑘡𑘪𑘰𑘜𑘲 𑘦𑘿𑘮𑘰𑘝𑘰𑘨𑘲
𑘤𑘻𑘩𑘩𑘲"
folio_077.png,"𑘝𑘲𑘧𑘹𑘭𑘲 𑘢𑘳𑘝𑘿𑘨 𑘮𑘻𑘄𑘡𑘲 𑘦𑘨𑘝𑘲 𑙁 𑘢𑘳𑘨𑘿𑘪𑘎𑘨𑘿𑘦𑘣𑘯 𑘀𑘨𑘿𑘕𑘲𑘝𑘲 𑙁 𑘀𑘡𑘹𑘎 𑘝𑘲𑘨𑘿𑘞𑘹 𑘁𑘓𑘨𑘝𑘲 𑙁 𑘝𑘲𑘜𑘹 𑘎𑘹𑘩𑘲
𑘢𑘨𑘲𑘧𑘹𑘭𑘰 𑙂𑙑𑙖𑙂
𑘋𑘭𑘹 𑘀𑘭𑘝𑘰𑘽 𑘕𑘹 𑘮𑘻𑘜𑘰𑘨 𑘐𑘝𑘲 𑙁 𑘢𑘳𑘝𑘿𑘨 𑘕𑘰𑘮𑘩𑘰 𑘦𑘽𑘟𑘦𑘝𑘲 𑙁 𑘦𑘰𑘝𑘰 𑘭𑘿𑘡𑘹𑘮 𑘎𑘨𑘲 𑘥𑘎𑘿𑘝𑘲 𑙁 𑘀𑘢𑘳𑘨𑘿𑘪
𑘁𑘢𑘜𑘰𑘭𑘲 𑘦𑘿𑘮𑘜𑘻𑘡𑘲 𑙂𑙑𑙗𑙂
𑘪𑘨𑘿𑘠𑘝𑘰 𑘦𑘰𑘝𑘰𑘢𑘲𑘝𑘿𑘧𑘰𑘑𑘨𑘲 𑙁 𑘪𑘲𑘢𑘿𑘨𑘰𑘝𑘿𑘦𑘕 𑘪𑘰𑘛𑘩𑘰 𑘢𑘿𑘨𑘲𑘝𑘲𑘎𑘨𑘲 𑙁 𑘪𑘿𑘨𑘝𑘤𑘽𑘠 𑘎𑘨𑘲𑘝𑘲 𑘎𑘳𑘯𑘰𑘓𑘰𑘨𑘲 𑙁
𑘪𑘹𑘟𑘰𑘥𑘿𑘧𑘰𑘭 𑘎𑘨𑘰𑘪𑘧𑘰 𑙂𑙑𑙘𑙂
𑘪𑘲𑘟𑘿𑘧𑘰 𑘡𑘧𑘹 𑘝𑘧𑘰 𑘎𑘳𑘦𑘨𑘰 𑙁 𑘦𑘽𑘟𑘦𑘝𑘲 𑘀𑘕𑘿𑘗𑘰𑘡 𑘤𑘮𑘲𑘨𑘰 𑙁 𑘓𑘲𑘽𑘝𑘰 𑘪𑘨𑘿𑘝𑘹 𑘝𑘿𑘧𑘰 𑘟𑘿𑘪𑘲𑘕𑘪𑘨𑘰 𑙁 𑘦𑘿𑘮𑘜𑘹"
folio_078.png,"𑘭 𑘦𑘰 𑘢𑘿𑘝
𑘎𑘨𑘳𑘜𑘰𑘟𑘹𑘪𑘲 𑘭𑘰𑘭𑘳𑘭𑘰𑘭𑘬𑘿𑘧𑘰𑘽𑘓𑘲 𑘭𑘦𑘰𑘠𑘲
𑘭𑘰 𑘭𑘳 𑘭𑘰 𑘭 𑘬𑘿𑘧𑘰𑘽 𑘓𑘲 𑘭 𑘦𑘰 𑘠𑘲
𑘟𑘳𑘬𑘿𑘎𑘰𑘯 𑘭𑘽𑘢𑘩𑘰 𑘮𑘻𑘝𑘰 𑘟𑘹𑘪𑘰𑘩𑘰 𑘎𑘨𑘳𑘜𑘰 𑘁𑘩𑘲 𑘁𑘎𑘰𑘫 𑘥𑘨𑘥𑘨𑘳𑘡 𑘁𑘩𑘹 𑘢𑘰𑘄𑘭 𑘦𑘳𑘭𑘯𑘠𑘰𑘨 𑘢𑘚𑘩𑘰
𑘝𑘮𑘰𑘡𑘹𑘩𑘹𑘩𑘲 𑘢𑘿𑘨𑘲𑘞𑘿𑘪𑘲 𑘥𑘨𑘢𑘳𑘨 𑘢𑘲𑘄 𑘩𑘰𑘐𑘩𑘲 𑘡𑘟𑘿𑘧𑘰 𑘡𑘰𑘩𑘹 𑘥𑘨𑘩𑘹 𑘪𑘰𑘢𑘲 𑘝𑘚𑘰𑘐 𑘥𑘨𑘩𑘹 𑘩𑘻𑘎𑘰𑘽𑘓𑘲
𑘮𑘿𑘨𑘲𑘟𑘧𑘹𑘮𑘲 𑘁𑘡𑘽𑘟𑘰𑘡𑘹 𑘥𑘨𑘩𑘲
𑘨𑘰𑘕𑘰 𑘧𑘫𑘻𑘠𑘨𑘰𑘡𑘹 𑘟𑘳𑘭𑘓𑘿𑘧𑘰 𑘟𑘹𑘫𑘰𑘽𑘝𑘳𑘡 𑘤𑘺𑘩 𑘪𑘐𑘺𑘨𑘹 𑘁𑘜𑘳𑘡 𑘐𑘰𑘪𑘰𑘐𑘰𑘪𑘰𑘽𑘡𑘰 𑘦𑘻𑘣𑘝 𑘤𑘲 𑘤𑘲𑘧𑘰𑘜𑘹 𑘢𑘳𑘨𑘪𑘲𑘩𑘹"
folio_079.png,"𑘦𑘳𑘏𑘰𑘝 𑘐𑘻𑘪𑘲𑘽𑘟 𑘮𑘨𑘹 𑘦𑘳𑘎𑘳𑘽𑘟
𑘎𑘰𑘧 𑘨𑘹 𑘁𑘝𑘰𑘭𑘹 𑘁𑘩𑘰𑘝 𑘫𑘿𑘧𑘰𑘦𑘡𑘹 𑘪𑘲𑘓𑘨𑘩𑘹
𑘝𑘳𑘦𑘿𑘮𑘲 𑘨𑘰𑘝𑘿𑘨𑘲 𑘭𑘰𑘽𑘐𑘜𑘰𑘨 𑘎𑘰 𑘐𑘻𑘬𑘿𑘘 𑘊𑘎𑘰 𑘩𑘮𑘰𑘡 𑘦𑘳𑘩𑘰𑘡𑘹 𑘪𑘲𑘓𑘰𑘨𑘩𑘹
𑘮𑘻 𑘭𑘰𑘽𑘐𑘹𑘡 𑘝𑘳𑘦𑘿𑘮𑘲 𑘧𑘰 𑘫𑘿𑘧𑘰𑘦 𑘦𑘿𑘮𑘜𑘰𑘩𑘰
𑘢𑘰𑘮𑘰 𑘝𑘳𑘦𑘿𑘮𑘰𑘽𑘩𑘰 𑘔𑘰𑘡𑘔𑘰𑘡 𑘟𑘐𑘚 𑘁𑘜𑘩𑘹 𑘁𑘮𑘹𑘝 𑘁𑘦𑘿𑘮𑘲 𑘝𑘿𑘧𑘰 𑘘𑘹𑘎𑘚𑘲𑘪𑘨 𑘣𑘲𑘨𑘰𑘧𑘩𑘰 𑘐𑘹𑘩𑘻 𑘮𑘻𑘝𑘻
𑘊𑘎 𑘦𑘳𑘩𑘐𑘰 𑘦𑘿𑘮𑘜𑘰𑘩𑘰 𑘪 𑘝𑘿𑘧𑘰𑘡𑘹 𑘝𑘹 𑘟𑘐𑘚 𑘫𑘿𑘧𑘰𑘦𑘕𑘪𑘯 𑘙𑘹𑘪𑘩𑘹
𑘏𑘨𑘹𑘓 𑘎𑘲𑘝𑘲 𑘭𑘳𑘽𑘟𑘨 𑘁𑘮𑘹𑘝 𑘮𑘹 𑘧𑘰 𑘁𑘢𑘜 𑘝𑘿𑘧𑘰𑘽𑘓𑘲 𑘓𑘲𑘝𑘿𑘨𑘹 𑘎𑘨𑘳 𑘦𑘲 𑘢𑘻𑘢𑘘 𑘎𑘨𑘝𑘻 𑘮𑘰𑘽 𑘀𑘭𑘹 𑘦𑘿𑘮𑘜𑘳𑘡"
folio_080.png,"𑘏𑘨𑘹 𑘭𑘰𑘽𑘐𑘰 𑘟𑘳𑘭𑘬𑘿𑘧𑘰𑘓𑘿𑘧𑘰 𑘨𑘰𑘐𑘰𑘓𑘲 𑘭𑘽𑘡𑘿𑘧𑘰𑘫𑘰𑘩𑘰 𑘎𑘰𑘧 𑘢𑘨𑘿𑘪𑘰
𑘏𑘨𑘹 𑘁𑘮𑘹 𑘋𑘎𑘰 𑘝𑘨 𑘝𑘹𑘞𑘹 𑘨𑘻𑘕 𑘟𑘻𑘡 𑘢𑘿𑘨𑘮𑘨𑘲 𑘊𑘎 𑘐𑘳𑘨𑘰𑘏𑘲 𑘧𑘹𑘝𑘻 𑘝𑘻 𑘟𑘹𑘪𑘰 𑘫𑘽𑘎𑘨𑘰𑘓𑘰 𑘏𑘨𑘰 𑘥𑘎𑘿𑘝
𑘮𑘻
𑘝𑘿𑘧𑘰𑘩𑘰 𑘪𑘹𑘟𑘦𑘽𑘝𑘿𑘨 𑘧𑘹𑘝 𑘡𑘭𑘝𑘲𑘩 𑘕𑘢𑘕𑘰𑘢𑘿𑘧 𑘎𑘨𑘲𑘝 𑘡𑘭𑘹𑘩 𑘝𑘻 𑘢𑘳𑘕𑘰 𑘝𑘨𑘲 𑘎𑘫𑘰𑘡𑘹 𑘎𑘨𑘜𑘰𑘨 𑘎𑘻𑘙𑘳𑘡
𑘁𑘜𑘲𑘩 𑘐𑘽𑘠 𑘎𑘻𑘙𑘳𑘡 𑘁𑘜𑘲𑘩 𑘡𑘲𑘨𑘰𑘽𑘕𑘡 𑘧𑘹𑘞𑘹 𑘨𑘰𑘕𑘰 𑘨𑘻𑘕 𑘢𑘳𑘕𑘹𑘭𑘰𑘙𑘲 𑘧𑘹𑘝𑘻 𑘎𑘫𑘲 𑘑𑘪𑘑𑘪𑘲𑘝 𑘟𑘲𑘭𑘝𑘹 𑘝𑘲
𑘢𑘳𑘕𑘰 𑘎𑘲𑘝𑘲 𑘦𑘰𑘯𑘰 𑘎𑘲𑘝𑘲 𑘎𑘰𑘢𑘳𑘨 𑘝𑘿𑘧𑘰 𑘨𑘰𑘕𑘰𑘢𑘹𑘎𑘿𑘬𑘰𑘮𑘲 𑘎𑘰 𑘝𑘻 𑘐𑘳𑘨𑘰𑘏𑘲 𑘦𑘻𑘙𑘰 𑘥𑘎𑘿𑘝
𑘮𑘻 𑘢𑘳𑘡𑘿𑘮𑘰 𑘢𑘳𑘡𑘿𑘮𑘰 𑘎𑘰𑘧 𑘭𑘰𑘽𑘐𑘳"
folio_081.png,"𑘦𑘲 𑘝𑘿𑘧𑘰𑘽𑘡𑘰 𑘦𑘿𑘮𑘘𑘩𑘹 𑘦𑘲 𑘑𑘨𑘲 𑘕𑘰𑘄𑘡 𑘁𑘽𑘑𑘻𑘯 𑘎𑘨𑘜𑘰𑘨 𑘁𑘮𑘹 𑘝𑘭𑘰𑘓 𑘑𑘨𑘰𑘝 𑘫𑘲𑘨𑘳𑘡 𑘎𑘰𑘮𑘲 𑘑𑘨
𑘤𑘰𑘘𑘪𑘲𑘜𑘨 𑘡𑘰𑘮𑘲 𑘮𑘲 𑘦𑘿𑘮𑘰𑘝𑘰𑘨𑘲 𑘎𑘲𑘝𑘲 𑘪𑘹𑘯 𑘞𑘰𑘽𑘤𑘹𑘩 𑘎𑘰𑘯𑘻𑘏 𑘮𑘻𑘃𑘩 𑘝𑘲𑘩𑘰 𑘕𑘰𑘪𑘧𑘰𑘩𑘰 𑘡𑘟𑘲𑘝𑘳𑘡
𑘕𑘰𑘪𑘧𑘰𑘓𑘹 𑘁𑘮𑘹 𑘝𑘲𑘩𑘰 𑘦𑘲 𑘭𑘿𑘡𑘰𑘡 𑘎𑘨𑘜𑘰𑘨 𑘁𑘮𑘹 𑘭𑘿𑘡𑘰𑘡𑘰𑘝𑘿 𑘫𑘳𑘟𑘿𑘠𑘲𑘾 𑘮𑘹 𑘦𑘩𑘰 𑘦𑘰𑘮𑘲𑘝 𑘁𑘮𑘹 𑘀𑘭𑘹
𑘦𑘿𑘮𑘜𑘳𑘡 𑘦𑘲 𑘝𑘹𑘞𑘳𑘡 𑘐𑘹𑘩𑘻
𑘦𑘲 𑘑𑘨𑘲 𑘁𑘩𑘻 𑘁𑘃 𑘦𑘿𑘮𑘜𑘰𑘩𑘲 𑘝𑘿𑘧𑘰 𑘦𑘿𑘮𑘰𑘝𑘰𑘨𑘲𑘩𑘰 𑘁𑘢𑘩𑘿𑘧𑘰𑘎𑘚𑘹𑘓 𑘮𑘰𑘎 𑘦𑘰𑘨 𑘎𑘻𑘙𑘹 𑘩𑘰𑘽𑘤 𑘕𑘰𑘃𑘩
𑘐𑘻𑘧𑘩𑘰 𑘑𑘹𑘄𑘡 𑘢𑘳𑘡𑘿𑘮𑘰 𑘢𑘚𑘰𑘧𑘓𑘰 𑘊𑘏𑘰𑘟𑘰 𑘁𑘢𑘩𑘿𑘧𑘰𑘎𑘚𑘓𑘲 𑘣𑘰𑘘𑘲𑘮𑘲 𑘭𑘨𑘩𑘲 𑘁𑘮𑘹𑘝 𑘕𑘰 𑘮𑘰𑘎 𑘦𑘰𑘨
𑘝𑘲𑘩𑘰"
folio_082.png,"𑘡𑘟𑘲𑘝𑘲𑘨𑘲 𑘕𑘰𑘝𑘰𑘽 𑘫𑘿𑘨𑘲𑘐𑘳𑘨𑘳 𑙁 𑘟𑘿𑘪𑘲𑘥𑘰𑘨 𑘕𑘰𑘮𑘩𑘹𑘽 𑘐𑘽𑘐𑘹𑘝 𑘟𑘿𑘪𑘰𑘨𑘳 𑙁 𑘥𑘲𑘝𑘨𑘲 𑘟𑘲𑘭𑘹 𑘀𑘡𑘳𑘢𑘦𑘿𑘧 𑘢𑘳𑘨 𑙁
𑘨𑘝𑘿𑘡𑘏𑘓𑘲𑘝 𑘐𑘻𑘢𑘳𑘨𑘹𑘭𑘲𑘽 𑙂𑙔𑙗𑙂
𑘀𑘦𑘨𑘰𑘪𑘝𑘲𑘭𑘦𑘰𑘡 𑘡𑘐𑘨 𑘕𑘺𑘭𑘲 𑘝𑘹𑘕𑘹𑘽 𑘟𑘲𑘡𑘎𑘨 𑙁 𑘫𑘿𑘨𑘲𑘐𑘳𑘨𑘳 𑘕𑘰𑘝𑘰𑘽𑘓𑘲 𑘭𑘦𑘭𑘿𑘝 𑘢𑘳𑘨𑙁 𑘑𑘹𑘄𑘡𑘲 𑘁𑘩𑘹𑘽
𑘁𑘨𑘝𑘲 𑙂𑙔𑙘𑙂
𑘌𑘪𑘰𑘯𑘳𑘡 𑘁𑘨𑘝𑘲 𑙁 𑘡𑘹𑘩𑘹𑘽 𑘁𑘢𑘳𑘩𑘹 𑘦𑘽𑘟𑘲𑘨𑘰𑘢𑘿𑘨𑘝𑘲 𑘭𑘲𑘽𑘮𑘰𑘭𑘡 𑘨𑘝𑘿𑘡𑘏𑘓𑘲𑘝𑘲 𑙁 𑘤𑘺𑘭𑘻 𑘑𑘰𑘩𑘲𑘝𑘲 𑘝𑘧𑘰
𑘭𑘦𑘧𑘲𑘽 𑙂𑙔𑙙𑙂
𑘢𑘳𑘕𑘰 𑘎𑘨𑘲𑘝𑘲 𑘪𑘲𑘠𑘲𑘭𑘲𑘽 𑙁 𑘕𑘹 𑘎𑘰𑘽 𑘄𑘢𑘓𑘰𑘨 𑘬𑘻𑘚𑘫𑘲 𑙁 𑘀𑘡𑘹𑘎𑘰𑘢𑘨𑘲 𑘬𑘚𑘿𑘨𑘭𑘹𑘭𑘲𑘽 𑙁 𑘁𑘨𑘻𑘐𑘲𑘩𑘹𑘽 𑘝𑘧𑘹"
folio_083.png,"𑘖𑘰𑘩𑘰 𑘕𑘡𑘿𑘦 𑘢𑘳𑘛𑘹𑘽 𑘝𑘲𑘭𑘲 𑙁 𑘎𑘰𑘨𑘽𑘕 𑘡𑘐𑘨 𑘄𑘝𑘿𑘝𑘨𑘟𑘹𑘫𑘲𑘽 𑙁 𑘪𑘰𑘕𑘭𑘡𑘲𑘧 𑘫𑘰𑘏𑘹𑘭𑘲 𑙁 𑘪𑘲𑘢𑘿𑘨𑘎𑘳𑘯𑘲𑘽
𑘕𑘡𑘿𑘦𑘩𑘲 𑙂𑙔𑙂
𑘕𑘰𑘝𑘎 𑘪𑘨𑘿𑘝𑘩𑘹𑘽 𑘝𑘲𑘧𑘹𑘭𑘲 𑙁 𑘡𑘰𑘦 𑘀𑘽𑘤𑘰 𑘥𑘪𑘰𑘡𑘲 𑘋𑘭𑘲 𑙁 𑘁𑘨𑘻𑘢𑘲𑘩𑘹𑘽 𑘭𑘿𑘡𑘹𑘮𑘹𑘭𑘲𑘽 𑙁 𑘦𑘰𑘝𑘰𑘢𑘲𑘝𑘨𑘲𑘽
𑘢𑘨𑘲𑘧𑘹𑘭𑘰 𑙂𑙕𑙂
𑘪𑘨𑘿𑘠𑘝𑘰𑘽 𑘦𑘰𑘝𑘰𑘢𑘲𑘝𑘿𑘧𑘰𑘐𑘿𑘨𑘲𑘮𑘲𑘽 𑙁 𑘪𑘰𑘛𑘩𑘲 𑘎𑘡𑘿𑘧𑘰 𑘀𑘝𑘲𑘭𑘿𑘡𑘹𑘮𑘲 𑙁 𑘪𑘲𑘪𑘰𑘮 𑘎𑘨𑘲𑘝𑘲 𑘦𑘮𑘻𑘝𑘿𑘭𑘰𑘮𑘲𑘽 𑙁
𑘟𑘹𑘝𑘲 𑘪𑘲𑘢𑘿𑘨𑘰𑘭𑘲 𑘝𑘹𑘓𑘲 𑘐𑘿𑘨𑘰𑘦𑘲𑘽 𑙂𑙖𑙂
𑘫𑘲𑘪𑘪𑘿𑘨𑘝𑘲 𑘀𑘭𑘹 𑘝𑘻 𑘤𑘿𑘨𑘰𑘮𑘿𑘦𑘜 𑙁 𑘡𑘰𑘦 𑘝𑘧𑘰 𑘦𑘰𑘠𑘪 𑘕𑘰𑘜 𑙁 𑘝𑘿𑘧𑘰𑘭𑘲 𑘟𑘲𑘠𑘩𑘲 𑘎𑘡𑘿𑘧𑘰 𑘟𑘰𑘡 𑙁"
folio_084.png,"𑘠𑘰𑘎𑘘𑘹 𑘥𑘰𑘄 𑘁𑘃𑘕𑘪𑘯 𑘕𑘰𑘄𑘡 𑘦𑘿𑘮𑘜𑘰𑘩𑘹 𑘁𑘃 𑘨𑘚𑘳 𑘡𑘎𑘻𑘭 𑘝𑘳 𑘨𑘚𑘩𑘲𑘭 𑘦𑘿𑘮𑘜𑘕𑘹 𑘁𑘦𑘿𑘮𑘰𑘽𑘩𑘰
𑘨𑘚𑘳 𑘧𑘹𑘝𑘹 𑘁𑘃 𑘝𑘳 𑘭𑘰𑘽𑘐𑘫𑘲𑘩 𑘝𑘹 𑘎𑘰𑘦 𑘁𑘦𑘿𑘮𑘲 𑘎𑘨𑘳 𑘨𑘚𑘳 𑘡𑘎𑘻𑘭 𑘁𑘃
𑘩𑘮𑘰𑘡 𑘦𑘳𑘩𑘹 𑘦𑘻𑘙𑘿𑘧𑘰 𑘁𑘃𑘓𑘲 𑘭𑘦𑘕𑘳𑘝 𑘑𑘰𑘩𑘲𑘝 𑘮𑘻𑘝𑘲 𑘣𑘳𑘩𑘹 𑘖𑘰𑘚𑘰𑘩𑘰 𑘁𑘠𑘰𑘨 𑘟𑘹𑘝 𑘮𑘻𑘝𑘲 𑘎𑘨𑘳𑘜
𑘀𑘭𑘹 𑘝𑘹 𑘟𑘿𑘨𑘲𑘫𑘿𑘧 𑘮𑘻𑘝𑘹
𑘫𑘿𑘧𑘰𑘦𑘓𑘲 𑘁𑘃 𑘨𑘰𑘝𑘿𑘨 𑘤𑘰𑘨𑘰𑘪𑘲
𑘫𑘿𑘧𑘰𑘦𑘓𑘲 𑘁𑘃 𑘨𑘰𑘝𑘿𑘨 𑘀𑘎𑘨𑘰𑘪𑘲 𑘫𑘿𑘧𑘰𑘦𑘓𑘲 𑘁𑘃 𑘨𑘰𑘝𑘿𑘨 𑘤𑘰𑘨𑘰𑘪𑘲 𑙑𑙙𑙓𑙖 𑘭𑘰𑘮𑘲𑘝𑘿𑘧𑘲𑘎
𑘢𑘰𑘽𑘚𑘳𑘨𑘽𑘐 𑘭𑘟𑘰𑘫𑘲𑘪 𑘭𑘰𑘡𑘹 𑘫𑘿𑘧𑘰𑘦𑘓𑘲 𑘁𑘃 𑘨𑘰𑘝𑘿𑘨 𑘝𑘹𑘨𑘰𑘪𑘲 𑘫𑘿𑘧𑘰𑘦𑘓𑘲 𑘁𑘃 𑘨𑘰𑘝𑘿𑘨 𑘤𑘰𑘨𑘰𑘪𑘲"
folio_085.png,"𑘩𑘼𑘎𑘲𑘎𑘲 𑘟𑘲𑘭𑘝𑘲 𑘀𑘟𑘿𑘨𑘲𑘫𑘿𑘧 𑘕𑘰𑘜 𑙁 𑘎𑘳𑘨𑘪𑘢𑘳𑘨𑘲 𑘀𑘭𑘝𑘲 𑘁𑘢𑘜 𑙁 𑘫𑘿𑘨𑘲𑘢𑘰𑘟𑘨𑘰𑘪 𑘡𑘲𑘨𑘿𑘠𑘰𑘨 𑘕𑘰𑘜
𑙁 𑘝𑘿𑘨𑘧𑘦𑘳𑘨𑘿𑘝𑘲𑘓𑘰 𑘀𑘪𑘝𑘰𑘨 𑙂𑙔𑙙𑙂
𑘀𑘟𑘿𑘨𑘲𑘫𑘿𑘧 𑘮𑘻𑘪𑘻𑘡𑘲 𑘝𑘧𑘰 𑘭𑘿𑘞𑘰𑘡𑘲 𑙁 𑘫𑘿𑘨𑘲𑘢𑘰𑘟 𑘨𑘰𑘮𑘲𑘩𑘹 𑘡𑘲𑘨𑘿𑘐𑘳𑘜𑘲 𑙁 𑘟𑘿𑘨𑘲𑘬𑘿𑘘𑘰𑘡𑘿𑘝 𑘭𑘰𑘽𑘐𑘹𑘡
𑘪𑘲𑘭𑘿𑘝𑘰𑘨𑘻𑘡𑘲 𑙁 𑘦𑘿𑘮𑘜𑘹 𑘭𑘨𑘭𑘿𑘪𑘝𑘲𑘐𑘽𑘐𑘰𑘠𑘨𑘳 𑙂𑙕𑙐𑙂
𑘕𑘹 𑘕𑘡 𑘀𑘭𑘝𑘲 𑘥𑘎𑘿𑘝 𑘎𑘹𑘪𑘯 𑙁 𑘝𑘿𑘧𑘰𑘽𑘭𑘲 𑘟𑘲𑘭𑘝𑘲 𑘫𑘿𑘨𑘲𑘐𑘳𑘨𑘳 𑘡𑘲𑘨𑘿𑘦𑘯 𑙁 𑘎𑘳𑘨𑘪𑘢𑘳𑘨 𑘎𑘿𑘬𑘹𑘝𑘿𑘨 𑘀𑘢𑘳𑘨𑘿𑘪
𑘭𑘿𑘞𑘯 𑙁 𑘀𑘭𑘹 𑘢𑘿𑘨𑘏𑘿𑘧𑘰𑘝 𑘥𑘳𑘦𑘽𑘚𑘯𑘲 𑙂𑙕𑙑𑙂
𑘭𑘲𑘟𑘿𑘠 𑘭𑘰𑘽𑘐𑘹 𑘡𑘰𑘦𑘠𑘰𑘨𑘎𑘰𑘭𑘲 𑙁 𑘝𑘹𑘓𑘲 𑘎𑘞𑘰 𑘪𑘲𑘭𑘿𑘝𑘰𑘨𑘹𑘭𑘲 𑙁 𑘭𑘰𑘽𑘐𑘝𑘭𑘹 𑘭𑘎𑘯𑘲𑘎𑘰𑘽𑘭𑘲 𑙁 𑘐𑘽𑘐𑘰𑘠𑘨𑘰𑘓𑘰"
